subregion,State, Code,Deaths,Population,Crude Rate
autauga, AL,1001,74,920175,8.0419
baldwin, AL,1003,446,3104213,14.3676
barbour, AL,1005,18,499605,3.6028
bibb, AL,1007,50,397480,12.5792
blount, AL,1009,141,997776,14.1314
bullock, AL,1011,10,197584,5.0611
butler, AL,1013,23,373621,6.156
calhoun, AL,1015,208,2074478,10.0266
chambers, AL,1017,53,628932,8.427
cherokee, AL,1019,60,455087,13.1843
chilton, AL,1021,100,762939,13.1072
choctaw, AL,1023,12,258321,4.6454
clarke, AL,1025,20,472909,4.2291
clay, AL,1027,13,251003,5.1792
cleburne, AL,1029,26,263729,9.8586
coffee, AL,1031,54,857552,6.297
colbert, AL,1033,60,980863,6.1171
conecuh, AL,1035,26,240060,10.8306
coosa, AL,1037,16,204784,7.8131
covington, AL,1039,36,675450,5.3298
crenshaw, AL,1041,13,249207,5.2165
cullman, AL,1043,164,1431088,11.4598
dale, AL,1045,77,891572,8.6364
dallas, AL,1047,36,790398,4.5547
dekalb, AL,1049,158,1237877,12.7638
elmore, AL,1051,74,1354531,5.4631
escambia, AL,1053,152,683449,22.2401
etowah, AL,1055,244,1864778,13.0847
fayette, AL,1057,40,316518,12.6375
franklin, AL,1059,81,564069,14.3599
geneva, AL,1061,29,473180,6.1287
henry, AL,1067,17,304556,5.5819
houston, AL,1069,159,1750954,9.0808
jackson, AL,1071,78,959194,8.1318
jefferson, AL,1073,1993,11854635,16.812
lamar, AL,1075,19,266678,7.1247
lauderdale, AL,1077,139,1632135,8.5165
lawrence, AL,1079,70,614698,11.3877
lee, AL,1081,135,2418094,5.5829
limestone, AL,1083,104,1404371,7.4055
macon, AL,1087,16,391167,4.0903
madison, AL,1089,421,5712479,7.3698
marengo, AL,1091,13,382442,3.3992
marion, AL,1093,26,551156,4.7174
marshall, AL,1095,171,1608450,10.6314
mobile, AL,1097,899,7321586,12.2788
monroe, AL,1099,30,417677,7.1826
montgomery, AL,1101,224,4070088,5.5036
morgan, AL,1103,269,2091395,12.8622
pickens, AL,1107,31,364128,8.5135
pike, AL,1109,32,569863,5.6154
randolph, AL,1111,34,407079,8.3522
russell, AL,1113,99,954636,10.3704
st. clair, AL,1115,228,1394254,16.3528
shelby, AL,1117,440,3251987,13.5302
talladega, AL,1121,121,1464637,8.2614
tallapoosa, AL,1123,53,742735,7.1358
tuscaloosa, AL,1125,387,3331999,11.6146
walker, AL,1127,326,1220606,26.708
washington, AL,1129,11,314819,3.4941
winston, AL,1133,35,440476,7.9459
aleutians west census area, AK,2016,11,100530,10.942
anchorage borough, AK,2020,835,5086641,16.4155
bethel census area, AK,2050,18,305095,5.8998
dillingham census area, AK,2070,11,88068,12.4903
fairbanks north star borough, AK,2090,198,1674452,11.8248
juneau borough, AK,2110,81,565490,14.3239
kenai peninsula borough, AK,2122,174,967925,17.9766
ketchikan gateway borough, AK,2130,30,244924,12.2487
kodiak island borough, AK,2150,29,245177,11.8282
matanuska-susitna borough, AK,2170,257,1460037,17.6023
nome census area, AK,2180,14,170387,8.2166
sitka borough, AK,2220,21,160074,13.1189
valdez-cordova census area, AK,2261,21,175788,11.9462
wrangell-petersburg census area, AK,2280,14,94972,14.7412
yukon-koyukuk census area, AK,2290,15,113665,13.1967
apache, AZ,4001,100,1264505,7.9082
cochise, AZ,4003,318,2262980,14.0523
coconino, AZ,4005,274,2329878,11.7603
gila, AZ,4007,190,945055,20.1046
graham, AZ,4009,90,637527,14.117
greenlee, AZ,4011,19,152594,12.4513
la paz, AZ,4012,67,362696,18.4728
maricopa, AZ,4013,10179,65870582,15.453
mohave, AZ,4015,706,3391727,20.8154
navajo, AZ,4017,298,1883444,15.8221
pima, AZ,4019,3409,16943415,20.1199
pinal, AZ,4021,652,5426182,12.0158
santa cruz, AZ,4023,63,791699,7.9576
yavapai, AZ,4025,767,3598384,21.3151
yuma, AZ,4027,368,3330723,11.0487
arkansas, AR,5001,24,351010,6.8374
ashley, AR,5003,38,402862,9.4325
baxter, AR,5005,102,724840,14.0721
benton, AR,5007,392,3659138,10.7129
boone, AR,5009,85,648068,13.1159
calhoun, AR,5013,10,98610,10.141
carroll, AR,5015,78,481058,16.2143
chicot, AR,5017,20,222474,8.9898
clark, AR,5019,28,414455,6.7559
clay, AR,5021,26,293878,8.8472
cleburne, AR,5023,45,453632,9.9199
columbia, AR,5027,36,446094,8.07
conway, AR,5029,48,375143,12.7951
craighead, AR,5031,193,1667844,11.5718
crawford, AR,5033,177,1060710,16.6869
crittenden, AR,5035,69,905065,7.6238
cross, AR,5037,32,329462,9.7128
desha, AR,5041,17,243600,6.9787
drew, AR,5043,35,334997,10.4479
faulkner, AR,5045,182,1899379,9.5821
franklin, AR,5047,44,323323,13.6087
fulton, AR,5049,32,217312,14.7254
garland, AR,5051,326,1687076,19.3234
grant, AR,5053,27,313590,8.61
greene, AR,5055,118,735578,16.0418
hempstead, AR,5057,21,410121,5.1204
hot spring, AR,5059,52,578736,8.9851
howard, AR,5061,13,249237,5.2159
independence, AR,5063,64,643809,9.9408
izard, AR,5065,40,242275,16.5102
jackson, AR,5067,40,322732,12.3942
jefferson, AR,5069,79,1409099,5.6064
johnson, AR,5071,46,444983,10.3375
lawrence, AR,5075,29,312039,9.2937
little river, AR,5081,21,235443,8.9194
logan, AR,5083,52,402345,12.9242
lonoke, AR,5085,114,1143301,9.9711
madison, AR,5087,17,272192,6.2456
marion, AR,5089,38,295734,12.8494
miller, AR,5091,46,764781,6.0148
mississippi, AR,5093,96,850025,11.2938
montgomery, AR,5097,11,167031,6.5856
nevada, AR,5099,10,166238,6.0155
newton, AR,5101,24,149867,16.0142
ouachita, AR,5103,45,476074,9.4523
perry, AR,5105,18,185861,9.6847
phillips, AR,5107,29,409996,7.0732
pike, AR,5109,20,201591,9.9211
poinsett, AR,5111,63,445930,14.1278
polk, AR,5113,45,365732,12.3041
pope, AR,5115,124,1069122,11.5983
prairie, AR,5117,10,160011,6.2496
pulaski, AR,5119,751,6778689,11.0788
randolph, AR,5121,36,323312,11.1348
st. francis, AR,5123,23,507857,4.5288
saline, AR,5125,210,1810684,11.5978
scott, AR,5127,26,197435,13.1689
searcy, AR,5129,17,145936,11.6489
sebastian, AR,5131,319,2200562,14.4963
sevier, AR,5133,29,297507,9.7477
sharp, AR,5135,49,310288,15.7918
stone, AR,5137,21,218294,9.6201
union, AR,5139,85,766392,11.0909
van buren, AR,5141,25,302499,8.2645
washington, AR,5143,270,3468974,7.7833
white, AR,5145,133,1328408,10.012
woodruff, AR,5147,14,138356,10.1188
yell, AR,5149,42,388316,10.8159
alameda, CA,6001,2769,27090417,10.2213
amador, CA,6005,140,669014,20.9263
butte, CA,6007,988,3892579,25.3816
calaveras, CA,6009,136,796806,17.0681
colusa, CA,6011,28,370568,7.556
contra costa, CA,6013,1860,18548935,10.0275
del norte, CA,6015,86,502811,17.1038
el dorado, CA,6017,546,3143493,17.3692
fresno, CA,6019,1789,16120467,11.0977
glenn, CA,6021,72,495202,14.5395
humboldt, CA,6023,788,2377828,33.1395
imperial, CA,6025,352,2940428,11.971
inyo, CA,6027,39,330531,11.7992
kern, CA,6029,2491,14188432,17.5566
kings, CA,6031,228,2614781,8.7197
lake, CA,6033,384,1133484,33.8778
lassen, CA,6035,143,607001,23.5584
los angeles, CA,6037,13789,176708647,7.8032
madera, CA,6039,295,2569021,11.483
marin, CA,6041,540,4515262,11.9594
mariposa, CA,6043,63,319895,19.694
mendocino, CA,6045,308,1573052,19.5798
merced, CA,6047,438,4414346,9.9222
modoc, CA,6049,36,169140,21.2841
mono, CA,6051,13,246367,5.2767
monterey, CA,6053,751,7451192,10.0789
napa, CA,6055,221,2407401,9.18
nevada, CA,6057,281,1743541,16.1166
orange, CA,6059,5121,53834021,9.5126
placer, CA,6061,617,5830690,10.5819
plumas, CA,6063,86,362078,23.7518
riverside, CA,6065,4136,36329642,11.3846
sacramento, CA,6067,3741,24854502,15.0516
san benito, CA,6069,79,998292,7.9135
san bernardino, CA,6071,3520,35275776,9.9785
san diego, CA,6073,6290,54667285,11.506
san francisco, CA,6075,3066,14405473,21.2836
san joaquin, CA,6077,1765,11887174,14.8479
san luis obispo, CA,6079,595,4758832,12.5031
san mateo, CA,6081,983,12910573,7.6139
santa barbara, CA,6083,898,7531637,11.923
santa clara, CA,6085,2133,31645486,6.7403
santa cruz, CA,6087,716,4681546,15.2941
shasta, CA,6089,756,3144304,24.0435
sierra, CA,6091,11,59122,18.6056
siskiyou, CA,6093,144,796585,18.0772
solano, CA,6095,759,7439222,10.2027
sonoma, CA,6097,1063,8591332,12.3729
stanislaus, CA,6099,1437,9032016,15.9101
sutter, CA,6101,169,1620646,10.4279
tehama, CA,6103,135,1096773,12.3088
trinity, CA,6105,41,240008,17.0828
tulare, CA,6107,647,7559788,8.5584
tuolumne, CA,6109,233,994092,23.4385
ventura, CA,6111,1619,14515828,11.1533
yolo, CA,6113,309,3472974,8.8973
yuba, CA,6115,104,1234354,8.4255
adams, CO,8001,1232,7613889,16.181
alamosa, CO,8003,46,279285,16.4706
arapahoe, CO,8005,1391,9974517,13.9455
archuleta, CO,8007,18,209027,8.6113
bent, CO,8011,16,107970,14.8189
boulder, CO,8013,654,5339650,12.248
broomfield, CO,8014,89,767952,11.5893
chaffee, CO,8015,48,315042,15.2361
clear creek, CO,8019,22,165621,13.2833
conejos, CO,8021,28,148880,18.8071
costilla, CO,8023,15,64707,23.1814
crowley, CO,8025,10,101502,9.852
delta, CO,8029,65,534176,12.1683
denver, CO,8031,2350,10706660,21.949
douglas, CO,8035,329,4667964,7.048
eagle, CO,8037,59,878401,6.7168
elbert, CO,8039,41,405768,10.1043
el paso, CO,8041,1667,10734520,15.5293
fremont, CO,8043,140,841518,16.6366
garfield, CO,8045,106,943380,11.2362
gilpin, CO,8047,10,93087,10.7426
grand, CO,8049,22,250905,8.7683
gunnison, CO,8051,20,269617,7.4179
huerfano, CO,8055,43,126765,33.921
jefferson, CO,8059,1157,9650818,11.9886
kit carson, CO,8063,11,145707,7.5494
lake, CO,8065,17,134602,12.6298
la plata, CO,8067,106,890876,11.8984
larimer, CO,8069,658,5223858,12.5961
las animas, CO,8071,70,272668,25.6722
logan, CO,8075,50,394442,12.6761
mesa, CO,8077,335,2457048,13.6342
moffat, CO,8081,27,238156,11.3371
montezuma, CO,8083,47,450126,10.4415
montrose, CO,8085,58,692321,8.3776
morgan, CO,8087,48,501562,9.5701
otero, CO,8089,44,344298,12.7796
park, CO,8093,29,287516,10.0864
pitkin, CO,8097,31,292737,10.5897
prowers, CO,8099,26,235000,11.0638
pueblo, CO,8101,510,2772834,18.3927
rio blanco, CO,8103,11,114487,9.6081
rio grande, CO,8105,34,215870,15.7502
routt, CO,8107,41,400470,10.238
saguache, CO,8109,10,111147,8.9971
san miguel, CO,8113,11,131137,8.3882
summit, CO,8117,48,482685,9.9444
teller, CO,8119,61,403760,15.108
weld, CO,8123,407,4259625,9.5548
fairfield, CT,9001,1611,16395172,9.8261
hartford, CT,9003,2227,15881980,14.0222
litchfield, CT,9005,473,3362625,14.0664
middlesex, CT,9007,402,2922498,13.7554
new haven, CT,9009,2364,15289748,15.4613
new london, CT,9011,744,4846557,15.3511
tolland, CT,9013,268,2656761,10.0875
windham, CT,9015,328,2072959,15.8228
kent, DE,10001,379,2738104,13.8417
new castle, DE,10003,1446,9540923,15.1558
sussex, DE,10005,474,3363531,14.0923
district of columbia, DC,11001,1890,10821657,17.465
alachua, FL,12001,434,4325924,10.0325
baker, FL,12003,87,458731,18.9654
bay, FL,12005,492,2970991,16.5601
bradford, FL,12007,97,493701,19.6475
brevard, FL,12009,2056,9532217,21.569
broward, FL,12011,4774,31524641,15.1437
calhoun, FL,12013,24,251653,9.5369
charlotte, FL,12015,352,2849218,12.3543
citrus, FL,12017,476,2415510,19.706
clay, FL,12019,542,3189466,16.9934
collier, FL,12021,734,5580120,13.1538
columbia, FL,12023,184,1153489,15.9516
desoto, FL,12027,48,612498,7.8368
dixie, FL,12029,72,278388,25.8632
duval, FL,12031,2657,15247688,17.4256
escambia, FL,12033,711,5410648,13.1408
flagler, FL,12035,190,1489945,12.7521
franklin, FL,12037,36,199803,18.0177
gadsden, FL,12039,37,822751,4.4971
gilchrist, FL,12041,35,288923,12.114
glades, FL,12043,31,222382,13.94
gulf, FL,12045,39,276912,14.0839
hamilton, FL,12047,21,255760,8.2108
hardee, FL,12049,29,489870,5.9199
hendry, FL,12051,66,681184,9.689
hernando, FL,12053,583,2890985,20.1661
highlands, FL,12055,222,1719194,12.913
hillsborough, FL,12057,3389,21271210,15.9323
holmes, FL,12059,50,350848,14.2512
indian river, FL,12061,389,2374287,16.3839
jackson, FL,12063,65,865851,7.5071
jefferson, FL,12065,16,252529,6.3359
lafayette, FL,12067,21,146310,14.3531
lake, FL,12069,515,4979823,10.3417
lee, FL,12071,1578,10458915,15.0876
leon, FL,12073,300,4779396,6.2769
levy, FL,12075,122,693192,17.5997
madison, FL,12079,24,340252,7.0536
manatee, FL,12081,1223,5651951,21.6385
marion, FL,12083,892,5595593,15.9411
martin, FL,12085,429,2571233,16.6846
miami-dade, FL,12086,2762,44207994,6.2477
monroe, FL,12087,317,1373161,23.0854
nassau, FL,12089,218,1241544,17.5588
okaloosa, FL,12091,455,3306770,13.7597
okeechobee, FL,12093,155,696802,22.2445
orange, FL,12095,2296,19732211,11.6358
osceola, FL,12097,489,4483109,10.9076
palm beach, FL,12099,4336,23170344,18.7136
pasco, FL,12101,1956,7806029,25.0576
pinellas, FL,12103,3752,16679366,22.4949
polk, FL,12105,1404,10293896,13.6392
putnam, FL,12107,190,1311372,14.4886
st. johns, FL,12109,332,3151646,10.5342
st. lucie, FL,12111,760,4567306,16.64
santa rosa, FL,12113,386,2605614,14.8142
sarasota, FL,12115,1286,6651061,19.3353
seminole, FL,12117,963,7397962,13.0171
sumter, FL,12119,123,1508521,8.1537
suwannee, FL,12121,102,718393,14.1984
taylor, FL,12123,46,383734,11.9875
union, FL,12125,28,265440,10.5485
volusia, FL,12127,1543,8747944,17.6384
wakulla, FL,12129,62,505468,12.2659
walton, FL,12131,150,940028,15.957
washington, FL,12133,53,418948,12.6507
appling, GA,13001,33,323813,10.1911
atkinson, GA,13003,14,146195,9.5763
bacon, GA,13005,21,193914,10.8295
baldwin, GA,13009,48,824657,5.8206
banks, GA,13011,42,307089,13.6768
barrow, GA,13013,155,1123215,13.7997
bartow, GA,13015,242,1674857,14.449
ben hill, GA,13017,13,313907,4.1414
berrien, GA,13019,18,325174,5.5355
bibb, GA,13021,283,2779360,10.1822
bleckley, GA,13023,23,224362,10.2513
brantley, GA,13025,58,307014,18.8916
brooks, GA,13027,12,288973,4.1526
bryan, GA,13029,34,519565,6.5439
bulloch, GA,13031,73,1180757,6.1825
burke, GA,13033,32,411163,7.7828
butts, GA,13035,59,403080,14.6373
camden, GA,13039,75,871051,8.6103
candler, GA,13043,17,188012,9.042
carroll, GA,13045,341,1883260,18.1069
catoosa, GA,13047,197,1099964,17.9097
charlton, GA,13049,18,216336,8.3204
chatham, GA,13051,411,4621971,8.8923
chattahoochee, GA,13053,10,238780,4.188
chattooga, GA,13055,67,460224,14.5581
cherokee, GA,13057,418,3513923,11.8955
clarke, GA,13059,166,2039626,8.1387
clayton, GA,13063,379,4638191,8.1713
cobb, GA,13067,1223,12100061,10.1074
coffee, GA,13069,83,736206,11.274
colquitt, GA,13071,67,796259,8.4143
columbia, GA,13073,188,2088535,9.0015
cook, GA,13075,27,299581,9.0126
coweta, GA,13077,199,2094978,9.4989
crawford, GA,13079,28,227078,12.3306
crisp, GA,13081,30,410441,7.3092
dade, GA,13083,23,290955,7.905
dawson, GA,13085,46,368661,12.4776
decatur, GA,13087,25,498540,5.0146
dekalb, GA,13089,867,12410050,6.9863
dodge, GA,13091,48,372541,12.8845
dooly, GA,13093,11,242540,4.5353
dougherty, GA,13095,116,1696428,6.8379
douglas, GA,13097,233,2164315,10.7655
effingham, GA,13103,68,869841,7.8175
elbert, GA,13105,51,363222,14.041
emanuel, GA,13107,26,399892,6.5018
evans, GA,13109,10,194930,5.13
fannin, GA,13111,91,406783,22.3706
fayette, GA,13113,153,1851454,8.2638
floyd, GA,13115,241,1702096,14.159
forsyth, GA,13117,272,2827040,9.6214
franklin, GA,13119,76,389602,19.5071
fulton, GA,13121,1924,16070772,11.972
gilmer, GA,13123,72,486913,14.787
glynn, GA,13127,174,1368555,12.7141
gordon, GA,13129,126,935264,13.4721
grady, GA,13131,19,441069,4.3077
greene, GA,13133,19,282085,6.7356
gwinnett, GA,13135,901,13573750,6.6378
habersham, GA,13137,76,734242,10.3508
hall, GA,13139,350,3052940,11.4644
haralson, GA,13143,127,501682,25.3148
harris, GA,13145,47,529834,8.8707
hart, GA,13147,57,441680,12.9053
heard, GA,13149,27,206064,13.1027
henry, GA,13151,368,3232764,11.3834
houston, GA,13153,177,2381718,7.4316
irwin, GA,13155,10,173109,5.7767
jackson, GA,13157,172,979698,17.5564
jasper, GA,13159,21,234536,8.9538
jeff davis, GA,13161,55,254401,21.6194
jefferson, GA,13163,19,302113,6.289
jenkins, GA,13165,11,155278,7.0841
johnson, GA,13167,14,172243,8.1281
jones, GA,13169,59,488824,12.0698
lamar, GA,13171,44,312509,14.0796
laurens, GA,13175,100,846811,11.809
lee, GA,13177,35,490896,7.1298
liberty, GA,13179,81,1141061,7.0987
lincoln, GA,13181,13,145383,8.9419
long, GA,13183,20,242355,8.2524
lowndes, GA,13185,96,1863329,5.1521
lumpkin, GA,13187,63,491659,12.8138
mcduffie, GA,13189,24,386630,6.2075
mcintosh, GA,13191,23,234262,9.8181
macon, GA,13193,14,255768,5.4737
madison, GA,13195,83,492882,16.8397
meriwether, GA,13199,42,397905,10.5553
mitchell, GA,13205,26,421532,6.168
monroe, GA,13207,44,450255,9.7722
montgomery, GA,13209,12,160064,7.497
morgan, GA,13211,22,309358,7.1115
murray, GA,13213,140,702239,19.9362
muscogee, GA,13215,281,3427884,8.1975
newton, GA,13217,156,1606242,9.7121
oconee, GA,13219,40,554634,7.212
oglethorpe, GA,13221,27,252735,10.6831
paulding, GA,13223,320,2229134,14.3554
peach, GA,13225,44,466720,9.4275
pickens, GA,13227,69,499884,13.8032
pierce, GA,13229,46,317825,14.4734
pike, GA,13231,19,295584,6.428
polk, GA,13233,128,725774,17.6363
pulaski, GA,13235,15,198289,7.5647
putnam, GA,13237,37,367889,10.0574
rabun, GA,13241,54,287213,18.8014
richmond, GA,13245,441,3587969,12.2911
rockdale, GA,13247,168,1453805,11.5559
screven, GA,13251,13,265255,4.9009
spalding, GA,13255,141,1118255,12.6089
stephens, GA,13257,84,461709,18.1933
sumter, GA,13261,16,583824,2.7406
talbot, GA,13263,10,120021,8.3319
tattnall, GA,13267,51,430949,11.8343
taylor, GA,13269,15,156613,9.5777
telfair, GA,13271,19,269828,7.0415
thomas, GA,13275,39,791371,4.9282
tift, GA,13277,30,712619,4.2098
toombs, GA,13279,41,482292,8.5011
towns, GA,13281,37,184723,20.03
troup, GA,13285,125,1165887,10.7215
turner, GA,13287,10,160871,6.2162
twiggs, GA,13289,15,170334,8.8062
union, GA,13291,43,365327,11.7703
upson, GA,13293,54,488822,11.047
walker, GA,13295,162,1188368,13.6321
walton, GA,13297,165,1389315,11.8764
ware, GA,13299,89,641535,13.873
washington, GA,13303,29,376888,7.6946
wayne, GA,13305,101,520513,19.4039
white, GA,13311,71,454801,15.6112
whitfield, GA,13313,202,1736936,11.6297
wilcox, GA,13315,10,160216,6.2416
wilkes, GA,13317,13,187463,6.9347
wilkinson, GA,13319,20,175161,11.4181
worth, GA,13321,26,389291,6.6788
hawaii, HI,15001,371,3148744,11.7825
honolulu, HI,15003,1753,16837647,10.4112
kauai, HI,15007,99,1168599,8.4717
maui, HI,15009,240,2663429,9.0109
ada, ID,16001,762,6675050,11.4156
bannock, ID,16005,237,1439919,16.4593
bear lake, ID,16007,19,109702,17.3196
benewah, ID,16009,22,164153,13.4021
bingham, ID,16011,67,790385,8.4769
blaine, ID,16013,29,374954,7.7343
boise, ID,16015,20,124831,16.0217
bonner, ID,16017,62,715985,8.6594
bonneville, ID,16019,276,1752758,15.7466
boundary, ID,16021,25,190017,13.1567
canyon, ID,16027,243,3134853,7.7516
caribou, ID,16029,10,125675,7.957
cassia, ID,16031,27,400790,6.7367
clearwater, ID,16035,12,156370,7.6741
elmore, ID,16039,34,480911,7.0699
franklin, ID,16041,22,221934,9.9129
fremont, ID,16043,19,228142,8.3281
gem, ID,16045,41,293896,13.9505
gooding, ID,16047,14,267382,5.236
idaho, ID,16049,18,285677,6.3008
jefferson, ID,16051,29,424462,6.8322
jerome, ID,16053,28,374320,7.4802
kootenai, ID,16055,227,2357312,9.6296
latah, ID,16057,40,661094,6.0506
lemhi, ID,16059,18,139805,12.8751
madison, ID,16065,20,616836,3.2424
minidoka, ID,16067,42,356698,11.7747
nez perce, ID,16069,83,696337,11.9195
owyhee, ID,16073,21,201200,10.4374
payette, ID,16075,55,395360,13.9114
power, ID,16077,11,136392,8.065
shoshone, ID,16079,45,232641,19.3431
teton, ID,16081,12,156873,7.6495
twin falls, ID,16083,154,1321107,11.6569
valley, ID,16085,21,164423,12.7719
adams, IL,17001,109,1210701,9.003
bond, IL,17005,18,317931,5.6616
boone, IL,17007,77,905355,8.505
bureau, IL,17011,72,625497,11.5108
carroll, IL,17015,18,281542,6.3934
cass, IL,17017,17,242855,7.0001
champaign, IL,17019,315,3514119,8.9638
christian, IL,17021,68,626172,10.8596
clark, IL,17023,35,297288,11.7731
clay, IL,17025,17,251049,6.7716
clinton, IL,17027,32,666470,4.8014
coles, IL,17029,76,958060,7.9327
cook, IL,17031,10919,94421063,11.5642
crawford, IL,17033,33,358280,9.2107
dekalb, IL,17037,113,1796735,6.2892
de witt, IL,17039,42,298655,14.063
douglas, IL,17041,20,359076,5.5699
dupage, IL,17043,1391,16501706,8.4294
edgar, IL,17045,29,336894,8.608
edwards, IL,17047,14,121340,11.5378
effingham, IL,17049,46,617500,7.4494
fayette, IL,17051,44,393474,11.1824
ford, IL,17053,19,252473,7.5256
franklin, IL,17055,117,707696,16.5325
fulton, IL,17057,61,668181,9.1293
gallatin, IL,17059,14,104583,13.3865
greene, IL,17061,21,252893,8.3039
grundy, IL,17063,118,822933,14.339
hancock, IL,17067,20,347281,5.759
hardin, IL,17069,14,80143,17.4688
henry, IL,17073,45,906168,4.966
iroquois, IL,17075,65,540260,12.0312
jackson, IL,17077,97,1074201,9.03
jasper, IL,17079,14,176786,7.9192
jefferson, IL,17081,71,706152,10.0545
jersey, IL,17083,54,404049,13.3647
jo daviess, IL,17085,25,404966,6.1734
johnson, IL,17087,17,229486,7.4079
kane, IL,17089,629,8729278,7.2056
kankakee, IL,17091,237,1968953,12.0369
kendall, IL,17093,149,1701845,8.7552
knox, IL,17095,87,960314,9.0595
lake, IL,17097,1221,12343635,9.8917
lasalle, IL,17099,332,2023791,16.4049
lawrence, IL,17101,35,296043,11.8226
lee, IL,17103,68,640512,10.6165
livingston, IL,17105,95,698105,13.6083
logan, IL,17107,46,548092,8.3928
mcdonough, IL,17109,23,585732,3.9267
mchenry, IL,17111,539,5297566,10.1745
mclean, IL,17113,276,2955754,9.3377
macon, IL,17115,169,1995832,8.4676
macoupin, IL,17117,71,861313,8.2432
madison, IL,17119,783,4772333,16.4071
marion, IL,17121,112,717006,15.6205
marshall, IL,17123,16,227864,7.0217
mason, IL,17125,24,269598,8.9021
massac, IL,17127,45,274046,16.4206
menard, IL,17129,20,226746,8.8204
mercer, IL,17131,14,297102,4.7122
monroe, IL,17133,44,567384,7.7549
montgomery, IL,17135,54,541011,9.9813
morgan, IL,17137,55,643229,8.5506
moultrie, IL,17139,10,263546,3.7944
ogle, IL,17141,67,943942,7.0979
peoria, IL,17143,407,3327111,12.2328
perry, IL,17145,42,403126,10.4186
piatt, IL,17147,18,297368,6.0531
pike, IL,17149,22,299460,7.3466
pope, IL,17151,10,78395,12.7559
putnam, IL,17155,10,106979,9.3476
randolph, IL,17157,73,601566,12.135
richland, IL,17159,26,291137,8.9305
rock island, IL,17161,205,2654996,7.7213
st. clair, IL,17163,494,4738576,10.4251
saline, IL,17165,94,457210,20.5595
sangamon, IL,17167,414,3502793,11.8191
shelby, IL,17173,27,402685,6.705
stephenson, IL,17177,76,858341,8.8543
tazewell, IL,17179,262,2385555,10.9828
union, IL,17181,31,321924,9.6296
vermilion, IL,17183,204,1473743,13.8423
wabash, IL,17185,17,219344,7.7504
warren, IL,17187,14,323241,4.3311
washington, IL,17189,23,266487,8.6308
wayne, IL,17191,14,302624,4.6262
white, IL,17193,25,267183,9.3569
whiteside, IL,17195,84,1057862,7.9405
will, IL,17197,1132,11333216,9.9883
williamson, IL,17199,159,1166549,13.6299
winnebago, IL,17201,983,5178307,18.983
woodford, IL,17203,49,677558,7.2319
adams, IN,18001,42,614836,6.8311
allen, IN,18003,616,6299010,9.7793
bartholomew, IN,18005,171,1363495,12.5413
benton, IN,18007,20,160980,12.4239
blackford, IN,18009,46,235338,19.5464
boone, IN,18011,107,977387,10.9476
brown, IN,18013,34,272837,12.4617
carroll, IN,18015,31,362302,8.5564
cass, IN,18017,39,708210,5.5068
clark, IN,18019,357,1907499,18.7156
clay, IN,18021,53,481879,10.9986
clinton, IN,18023,63,598115,10.5331
crawford, IN,18025,27,194028,13.9155
daviess, IN,18027,51,560343,9.1016
dearborn, IN,18029,155,875740,17.6993
decatur, IN,18031,56,459884,12.177
de kalb, IN,18033,72,749919,9.601
delaware, IN,18035,339,2123574,15.9637
dubois, IN,18037,45,745461,6.0365
elkhart, IN,18039,262,3493929,7.4987
fayette, IN,18041,109,440409,24.7497
floyd, IN,18043,194,1323386,14.6594
fountain, IN,18045,25,311883,8.0158
franklin, IN,18047,64,411015,15.5712
fulton, IN,18049,34,369741,9.1956
gibson, IN,18051,42,598235,7.0207
grant, IN,18053,225,1269568,17.7226
greene, IN,18055,83,593804,13.9777
hamilton, IN,18057,311,4535074,6.8577
hancock, IN,18059,155,1179722,13.1387
harrison, IN,18061,73,677988,10.7672
hendricks, IN,18063,227,2428363,9.3479
henry, IN,18065,200,876831,22.8094
howard, IN,18067,322,1505545,21.3876
huntington, IN,18069,84,672607,12.4887
jackson, IN,18071,114,760274,14.9946
jasper, IN,18073,61,580993,10.4993
jay, IN,18075,48,386593,12.4162
jefferson, IN,18077,63,579205,10.877
jennings, IN,18079,85,506005,16.7983
johnson, IN,18081,296,2398986,12.3385
knox, IN,18083,69,692546,9.9632
kosciusko, IN,18085,117,1377593,8.4931
lagrange, IN,18087,20,662604,3.0184
lake, IN,18089,837,8817540,9.4924
la porte, IN,18091,261,1988178,13.1276
lawrence, IN,18093,92,828087,11.1099
madison, IN,18095,537,2364390,22.712
marion, IN,18097,2685,16088494,16.6889
marshall, IN,18099,64,836476,7.6511
martin, IN,18101,12,185376,6.4733
miami, IN,18103,58,660523,8.7809
monroe, IN,18105,324,2392216,13.5439
montgomery, IN,18107,108,684322,15.782
morgan, IN,18109,197,1231242,16.0001
newton, IN,18111,30,257059,11.6705
noble, IN,18113,73,850461,8.5836
ohio, IN,18115,16,106548,15.0167
orange, IN,18117,24,353556,6.7882
owen, IN,18119,43,389200,11.0483
parke, IN,18121,29,310761,9.3319
perry, IN,18123,31,345736,8.9664
pike, IN,18125,15,231135,6.4897
porter, IN,18127,404,2862610,14.113
posey, IN,18129,45,471555,9.5429
pulaski, IN,18131,36,241768,14.8903
putnam, IN,18133,57,673132,8.4679
randolph, IN,18135,55,473379,11.6186
ripley, IN,18137,67,505564,13.2525
rush, IN,18139,31,316051,9.8085
st. joseph, IN,18141,490,4792803,10.2237
scott, IN,18143,146,426998,34.1922
shelby, IN,18145,104,792430,13.1242
spencer, IN,18147,26,373523,6.9607
starke, IN,18149,122,419069,29.1122
steuben, IN,18151,44,610354,7.2089
sullivan, IN,18153,79,386524,20.4386
switzerland, IN,18155,30,181941,16.4889
tippecanoe, IN,18157,325,3001245,10.8288
tipton, IN,18159,47,289304,16.2459
union, IN,18161,19,132449,14.3451
vanderburgh, IN,18163,587,3194052,18.3779
vermillion, IN,18165,30,293645,10.2164
vigo, IN,18167,260,1922591,13.5234
wabash, IN,18169,95,601023,15.8064
warren, IN,18171,11,152537,7.2114
warrick, IN,18173,60,1035227,5.7958
washington, IN,18175,75,501343,14.9598
wayne, IN,18177,236,1246074,18.9395
wells, IN,18179,48,499631,9.6071
white, IN,18181,50,446097,11.2083
whitley, IN,18183,43,584434,7.3575
allamakee, IA,19005,13,257107,5.0563
appanoose, IA,19007,25,235863,10.5994
benton, IA,19011,18,465423,3.8674
black hawk, IA,19013,132,2331934,5.6605
boone, IA,19015,24,474393,5.0591
bremer, IA,19017,19,433262,4.3853
buchanan, IA,19019,14,377649,3.7071
buena vista, IA,19021,11,364298,3.0195
butler, IA,19023,10,269544,3.71
carroll, IA,19027,19,375958,5.0538
cass, IA,19029,14,251501,5.5666
cedar, IA,19031,18,329810,5.4577
cerro gordo, IA,19033,61,801813,7.6078
clarke, IA,19039,10,166142,6.0189
clayton, IA,19043,19,326987,5.8106
clinton, IA,19045,54,884276,6.1067
dallas, IA,19049,46,1085343,4.2383
delaware, IA,19055,11,321815,3.4181
des moines, IA,19057,59,732140,8.0586
dickinson, IA,19059,13,300513,4.3259
dubuque, IA,19061,97,1665832,5.8229
fayette, IA,19065,16,379819,4.2125
floyd, IA,19067,11,295029,3.7284
fremont, IA,19071,10,134801,7.4183
hamilton, IA,19079,10,285293,3.5052
hardin, IA,19083,15,321720,4.6624
harrison, IA,19085,24,270321,8.8783
henry, IA,19087,19,364006,5.2197
iowa, IA,19095,14,291210,4.8075
jackson, IA,19097,25,358548,6.9726
jasper, IA,19099,58,667544,8.6886
jefferson, IA,19101,21,300303,6.9929
johnson, IA,19103,146,2281399,6.3996
jones, IA,19105,17,369348,4.6027
lee, IA,19111,68,652174,10.4267
linn, IA,19113,308,3710766,8.3002
louisa, IA,19115,13,210819,6.1664
madison, IA,19121,10,271982,3.6767
mahaska, IA,19123,30,402565,7.4522
marion, IA,19125,38,593846,6.399
marshall, IA,19127,27,721399,3.7427
mills, IA,19129,20,267463,7.4777
monona, IA,19133,16,169892,9.4177
montgomery, IA,19137,20,197012,10.1517
muscatine, IA,19139,43,762029,5.6428
plymouth, IA,19149,13,448369,2.8994
polk, IA,19153,718,7518417,9.5499
pottawattamie, IA,19155,157,1639018,9.5789
poweshiek, IA,19157,18,339675,5.2992
sac, IA,19161,10,191094,5.233
scott, IA,19163,351,2941028,11.9346
story, IA,19169,71,1567534,4.5294
tama, IA,19171,13,321428,4.0445
union, IA,19175,16,222520,7.1904
wapello, IA,19179,35,640416,5.4652
warren, IA,19181,40,805502,4.9658
washington, IA,19183,19,387742,4.9002
webster, IA,19187,65,691351,9.4019
woodbury, IA,19193,143,1838559,7.7778
worth, IA,19195,13,138111,9.4127
allen, KS,20001,31,244204,12.6943
atchison, KS,20005,25,302086,8.2758
barber, KS,20007,11,89542,12.2847
barton, KS,20009,26,496304,5.2387
bourbon, KS,20011,28,270882,10.3366
brown, KS,20013,19,182319,10.4213
butler, KS,20015,132,1146149,11.5168
cherokee, KS,20021,52,389705,13.3434
clay, KS,20027,19,153327,12.3918
coffey, KS,20031,14,155048,9.0295
cowley, KS,20035,79,651055,12.1342
crawford, KS,20037,67,699530,9.5779
dickinson, KS,20041,23,349738,6.5764
douglas, KS,20045,159,1955779,8.1298
ellis, KS,20051,19,506633,3.7502
ellsworth, KS,20053,11,115995,9.4832
finney, KS,20055,36,673396,5.346
ford, KS,20057,21,596348,3.5214
franklin, KS,20059,45,459512,9.793
geary, KS,20061,49,565272,8.6684
greenwood, KS,20073,24,125101,19.1845
harper, KS,20077,14,109856,12.744
harvey, KS,20079,51,612554,8.3258
jackson, KS,20085,10,237283,4.2144
jefferson, KS,20087,27,339804,7.9458
johnson, KS,20091,720,9392000,7.6661
kingman, KS,20095,12,145782,8.2315
labette, KS,20099,44,391363,11.2428
leavenworth, KS,20103,155,1336054,11.6013
linn, KS,20107,18,174199,10.333
lyon, KS,20111,31,627412,4.9409
mcpherson, KS,20113,29,526692,5.5061
marion, KS,20115,12,229693,5.2244
miami, KS,20121,54,561427,9.6183
montgomery, KS,20125,95,630654,15.0637
neosho, KS,20133,32,298475,10.7212
osage, KS,20139,34,295430,11.5086
pottawatomie, KS,20149,29,371382,7.8087
pratt, KS,20151,12,174002,6.8965
reno, KS,20155,117,1154157,10.1373
rice, KS,20159,17,184570,9.2106
riley, KS,20161,68,1235735,5.5028
russell, KS,20167,10,126463,7.9075
saline, KS,20169,95,986690,9.6282
sedgwick, KS,20173,1144,8688498,13.1668
seward, KS,20175,15,409915,3.6593
shawnee, KS,20177,401,3143521,12.7564
sumner, KS,20191,53,441013,12.0178
wilson, KS,20205,24,172810,13.8881
woodson, KS,20207,10,61576,16.2401
wyandotte, KS,20209,309,2840780,10.8773
adair, KY,21001,39,330048,11.8165
allen, KY,21003,46,348400,13.2032
anderson, KY,21005,60,372440,16.11
ballard, KY,21007,19,148201,12.8204
barren, KY,21009,68,739097,9.2004
bath, KY,21011,53,209168,25.3385
bell, KY,21013,248,518194,47.8585
boone, KY,21015,395,1981191,19.9375
bourbon, KY,21017,55,356649,15.4213
boyd, KY,21019,232,886859,26.1597
boyle, KY,21021,74,510405,14.4983
bracken, KY,21023,17,151758,11.202
breathitt, KY,21025,105,260273,40.3423
breckinridge, KY,21027,48,352750,13.6074
bullitt, KY,21029,169,1274398,13.2612
butler, KY,21031,40,231722,17.2621
caldwell, KY,21033,28,231628,12.0883
calloway, KY,21035,65,654914,9.925
campbell, KY,21037,485,1612720,30.0734
carroll, KY,21041,43,190559,22.5652
carter, KY,21043,121,493532,24.5172
casey, KY,21045,49,284570,17.219
christian, KY,21047,93,1313548,7.0801
clark, KY,21049,174,625624,27.8122
clay, KY,21051,138,405720,34.0136
clinton, KY,21053,70,180316,38.8207
crittenden, KY,21055,26,166785,15.5889
cumberland, KY,21057,33,125306,26.3355
daviess, KY,21059,257,1712164,15.0102
edmonson, KY,21061,26,215116,12.0865
elliott, KY,21063,30,130643,22.9633
estill, KY,21065,78,266227,29.2983
fayette, KY,21067,927,5165331,17.9466
fleming, KY,21069,41,257079,15.9484
floyd, KY,21071,319,721488,44.2142
franklin, KY,21073,114,881723,12.9292
fulton, KY,21075,10,125332,7.9788
gallatin, KY,21077,44,149608,29.4102
garrard, KY,21079,55,294262,18.6908
grant, KY,21081,114,433556,26.2942
graves, KY,21083,73,667572,10.9352
grayson, KY,21085,100,455322,21.9625
green, KY,21087,16,204145,7.8376
greenup, KY,21089,140,660200,21.2057
hancock, KY,21091,11,153902,7.1474
hardin, KY,21093,193,1808573,10.6714
harlan, KY,21095,163,540774,30.142
harrison, KY,21097,73,332306,21.9677
hart, KY,21099,36,324872,11.0813
henderson, KY,21101,95,823738,11.5328
henry, KY,21103,33,276823,11.921
hopkins, KY,21107,121,839003,14.4219
jackson, KY,21109,26,242710,10.7124
jefferson, KY,21111,2267,13093019,17.3146
jessamine, KY,21113,163,824658,19.7658
johnson, KY,21115,139,419460,33.1378
kenton, KY,21117,862,2834789,30.4079
knott, KY,21119,106,300163,35.3141
knox, KY,21121,168,569867,29.4806
larue, KY,21123,16,249924,6.4019
laurel, KY,21125,192,1029719,18.6459
lawrence, KY,21127,74,283596,26.0935
lee, KY,21129,40,138529,28.8748
leslie, KY,21131,81,207822,38.9757
letcher, KY,21133,124,438248,28.2945
lewis, KY,21135,34,249507,13.6269
lincoln, KY,21137,79,437788,18.0453
livingston, KY,21139,36,171793,20.9555
logan, KY,21141,53,481024,11.0182
lyon, KY,21143,15,148878,10.0754
mccracken, KY,21145,191,1172001,16.2969
mccreary, KY,21147,48,319396,15.0284
mclean, KY,21149,27,174258,15.4943
madison, KY,21151,238,1443973,16.4823
magoffin, KY,21153,74,237183,31.1995
marion, KY,21155,46,346979,13.2573
marshall, KY,21157,113,556746,20.2965
martin, KY,21159,94,230568,40.7689
mason, KY,21161,52,308432,16.8595
meade, KY,21163,52,515752,10.0824
menifee, KY,21165,19,115969,16.3837
mercer, KY,21167,67,381026,17.5841
metcalfe, KY,21169,16,180791,8.85
monroe, KY,21171,42,200833,20.9129
montgomery, KY,21173,86,456178,18.8523
morgan, KY,21175,29,249906,11.6044
muhlenberg, KY,21177,95,566681,16.7643
nelson, KY,21179,88,751720,11.7065
nicholas, KY,21181,26,126996,20.4731
ohio, KY,21183,65,426082,15.2553
oldham, KY,21185,89,1018911,8.7348
owen, KY,21187,40,193819,20.6378
owsley, KY,21189,28,85077,32.9114
pendleton, KY,21191,52,264020,19.6955
perry, KY,21193,201,515667,38.9786
pike, KY,21195,404,1176382,34.3426
powell, KY,21197,108,230275,46.9004
pulaski, KY,21199,178,1096979,16.2264
rockcastle, KY,21203,75,303566,24.7063
rowan, KY,21205,70,413696,16.9206
russell, KY,21207,95,309117,30.7327
scott, KY,21209,103,778558,13.2296
shelby, KY,21211,58,717036,8.0889
simpson, KY,21213,41,309133,13.2629
spencer, KY,21215,31,280868,11.0372
taylor, KY,21217,85,434107,19.5804
todd, KY,21219,25,220150,11.3559
trigg, KY,21221,28,247035,11.3344
trimble, KY,21223,20,156289,12.7968
union, KY,21225,63,273734,23.015
warren, KY,21227,201,1941534,10.3526
washington, KY,21229,18,207451,8.6767
wayne, KY,21231,50,368447,13.5705
webster, KY,21233,32,247124,12.949
whitley, KY,21235,209,647042,32.3008
wolfe, KY,21237,50,129327,38.6617
woodford, KY,21239,70,439486,15.9277
acadia parish, LA,22001,209,1092902,19.1234
allen parish, LA,22003,44,460161,9.5619
ascension parish, LA,22005,199,1778504,11.1892
assumption parish, LA,22007,40,418364,9.5611
avoyelles parish, LA,22009,90,747341,12.0427
beauregard parish, LA,22011,82,625587,13.1077
bienville parish, LA,22013,21,263872,7.9584
bossier parish, LA,22015,230,2025499,11.3552
caddo parish, LA,22017,495,4536313,10.9119
calcasieu parish, LA,22019,524,3416169,15.3388
caldwell parish, LA,22021,16,183917,8.6996
cameron parish, LA,22023,17,146232,11.6254
catahoula parish, LA,22025,19,187949,10.1091
claiborne parish, LA,22027,25,303035,8.2499
concordia parish, LA,22029,30,365530,8.2073
de soto parish, LA,22031,46,474098,9.7026
east baton rouge parish, LA,22033,671,7737537,8.672
east feliciana parish, LA,22037,21,366343,5.7323
evangeline parish, LA,22039,87,618749,14.0606
franklin parish, LA,22041,23,373773,6.1535
grant parish, LA,22043,48,376773,12.7398
iberia parish, LA,22045,166,1319899,12.5767
iberville parish, LA,22047,54,598290,9.0257
jackson parish, LA,22049,24,285361,8.4104
jefferson parish, LA,22051,1803,7952106,22.6732
jefferson davis parish, LA,22053,93,564919,16.4625
lafayette parish, LA,22055,553,3841806,14.3943
lafourche parish, LA,22057,215,1700887,12.6405
lasalle parish, LA,22059,38,263019,14.4476
lincoln parish, LA,22061,41,816048,5.0242
livingston parish, LA,22063,506,2117010,23.9016
madison parish, LA,22065,11,224891,4.8913
morehouse parish, LA,22067,51,515981,9.8841
natchitoches parish, LA,22069,63,704753,8.9393
orleans parish, LA,22071,1274,7174050,17.7584
ouachita parish, LA,22073,278,2733691,10.1694
plaquemines parish, LA,22075,80,450046,17.776
pointe coupee parish, LA,22077,36,406332,8.8598
rapides parish, LA,22079,251,2334523,10.7517
richland parish, LA,22083,13,373069,3.4846
sabine parish, LA,22085,35,430437,8.1313
st. bernard parish, LA,22087,324,881358,36.7615
st. charles parish, LA,22089,150,923032,16.2508
st. helena parish, LA,22091,34,193918,17.5332
st. james parish, LA,22093,21,389571,5.3905
st. john the baptist parish, LA,22095,96,806296,11.9063
st. landry parish, LA,22097,223,1523918,14.6333
st. martin parish, LA,22099,79,922482,8.5639
st. mary parish, LA,22101,135,964771,13.993
st. tammany parish, LA,22103,899,4022742,22.3479
tangipahoa parish, LA,22105,383,2069062,18.5108
terrebonne parish, LA,22109,315,1973545,15.9611
union parish, LA,22111,26,407860,6.3747
vermilion parish, LA,22113,103,1024407,10.0546
vernon parish, LA,22115,67,928602,7.2151
washington parish, LA,22117,188,821794,22.8768
webster parish, LA,22119,89,739297,12.0385
west baton rouge parish, LA,22121,58,417872,13.8798
west carroll parish, LA,22123,16,211977,7.548
west feliciana parish, LA,22125,18,277315,6.4908
winn parish, LA,22127,46,280714,16.3868
androscoggin, ME,23001,232,1920968,12.0772
aroostook, ME,23003,115,1293500,8.8906
cumberland, ME,23005,693,5014485,13.82
franklin, ME,23007,47,544317,8.6347
hancock, ME,23009,120,967371,12.4048
kennebec, ME,23011,299,2167470,13.7949
knox, ME,23013,111,719341,15.4308
lincoln, ME,23015,69,617690,11.1707
oxford, ME,23017,97,1023939,9.4732
penobscot, ME,23019,365,2714079,13.4484
piscataquis, ME,23021,33,311857,10.5818
sagadahoc, ME,23023,51,638562,7.9867
somerset, ME,23025,106,927963,11.4229
waldo, ME,23027,83,688971,12.047
washington, ME,23029,109,593118,18.3775
york, ME,23031,473,3534437,13.3826
allegany, MD,24001,235,1334500,17.6096
anne arundel, MD,24003,1533,9491962,16.1505
baltimore, MD,24005,2826,14322810,19.7308
calvert, MD,24009,228,1540105,14.8042
caroline, MD,24011,92,572231,16.0774
carroll, MD,24013,454,2943953,15.4214
cecil, MD,24015,428,1746196,24.5104
charles, MD,24017,283,2538223,11.1495
dorchester, MD,24019,80,572240,13.9801
frederick, MD,24021,464,4050807,11.4545
garrett, MD,24023,34,539008,6.3079
harford, MD,24025,722,4299622,16.7922
howard, MD,24027,398,5035910,7.9032
kent, MD,24029,52,355440,14.6298
montgomery, MD,24031,951,17134945,5.5501
prince george's, MD,24033,1070,15415912,6.9409
queen anne's, MD,24035,110,824124,13.3475
st. mary's, MD,24037,178,1803495,9.8697
somerset, MD,24039,67,465718,14.3864
talbot, MD,24041,69,656776,10.5059
washington, MD,24043,419,2577341,16.2571
wicomico, MD,24045,221,1703718,12.9716
worcester, MD,24047,158,903651,17.4846
baltimore city, MD,24510,4719,11283572,41.8219
barnstable, MA,25001,699,3940038,17.7409
berkshire, MA,25003,333,2367919,14.063
bristol, MA,25005,2214,9838509,22.5034
dukes, MA,25007,37,291205,12.7058
essex, MA,25009,2283,13362665,17.0849
franklin, MA,25011,149,1285719,11.5888
hampden, MA,25013,1247,8325122,14.9788
hampshire, MA,25015,298,2822884,10.5566
middlesex, MA,25017,3402,26992833,12.6033
nantucket, MA,25019,14,180759,7.7451
norfolk, MA,25021,1658,12002165,13.8142
plymouth, MA,25023,1451,8841039,16.4121
suffolk, MA,25025,2440,12936897,18.8608
worcester, MA,25027,2154,14185629,15.1844
alcona, MI,26001,21,200393,10.4794
alger, MI,26003,19,173078,10.9777
allegan, MI,26005,192,1992649,9.6354
alpena, MI,26007,62,540882,11.4628
antrim, MI,26009,50,425183,11.7596
arenac, MI,26011,24,295013,8.1352
baraga, MI,26013,17,158230,10.7439
barry, MI,26015,105,1059080,9.9143
bay, MI,26017,274,1946635,14.0756
benzie, MI,26019,29,310725,9.333
berrien, MI,26021,371,2843110,13.0491
branch, MI,26023,77,817997,9.4132
calhoun, MI,26025,531,2464907,21.5424
cass, MI,26027,95,934618,10.1646
charlevoix, MI,26029,30,472539,6.3487
cheboygan, MI,26031,60,475694,12.6132
chippewa, MI,26033,75,696608,10.7665
clare, MI,26035,103,560133,18.3885
clinton, MI,26037,95,1305841,7.275
crawford, MI,26039,53,256016,20.7018
delta, MI,26041,34,674937,5.0375
dickinson, MI,26043,47,479127,9.8095
eaton, MI,26045,191,1930868,9.8919
emmet, MI,26047,52,587244,8.8549
genesee, MI,26049,1525,7730284,19.7276
gladwin, MI,26051,77,468496,16.4356
gogebic, MI,26053,31,297907,10.4059
grand traverse, MI,26055,177,1535824,11.5248
gratiot, MI,26057,42,758774,5.5352
hillsdale, MI,26059,78,840301,9.2824
houghton, MI,26061,36,651561,5.5252
huron, MI,26063,52,609521,8.5313
ingham, MI,26065,623,5082426,12.2579
ionia, MI,26067,113,1149495,9.8304
iosco, MI,26069,67,473949,14.1365
iron, MI,26071,24,218569,10.9805
isabella, MI,26073,107,1227977,8.7135
jackson, MI,26075,481,2889489,16.6465
kalamazoo, MI,26077,517,4467738,11.5719
kalkaska, MI,26079,31,309316,10.0221
kent, MI,26081,998,10827739,9.2171
lake, MI,26085,23,206943,11.1142
lapeer, MI,26087,177,1606896,11.015
leelanau, MI,26089,26,389491,6.6754
lenawee, MI,26091,191,1799083,10.6165
livingston, MI,26093,395,3183666,12.4071
luce, MI,26095,10,121027,8.2626
mackinac, MI,26097,17,204647,8.307
macomb, MI,26099,3217,14973450,21.4847
manistee, MI,26101,82,445608,18.4018
marquette, MI,26103,151,1192382,12.6637
mason, MI,26105,45,515883,8.7229
mecosta, MI,26107,52,763745,6.8086
menominee, MI,26109,36,438919,8.202
midland, MI,26111,134,1505204,8.9024
missaukee, MI,26113,27,268264,10.0647
monroe, MI,26115,532,2705465,19.6639
montcalm, MI,26117,117,1132826,10.3282
montmorency, MI,26119,19,178007,10.6737
muskegon, MI,26121,468,3098068,15.1062
newaygo, MI,26123,97,873299,11.1073
oakland, MI,26125,3257,21782288,14.9525
oceana, MI,26127,57,482546,11.8123
ogemaw, MI,26129,60,389433,15.407
ontonagon, MI,26131,17,125918,13.5008
osceola, MI,26133,31,422967,7.3292
oscoda, MI,26135,22,160355,13.7196
otsego, MI,26137,63,435456,14.4676
ottawa, MI,26139,383,4674900,8.1927
presque isle, MI,26141,33,246371,13.3944
roscommon, MI,26143,77,448196,17.18
saginaw, MI,26145,452,3650398,12.3822
st. clair, MI,26147,555,2954219,18.7867
st. joseph, MI,26149,108,1110976,9.7212
sanilac, MI,26151,83,784243,10.5835
schoolcraft, MI,26153,24,154796,15.5043
shiawassee, MI,26155,175,1278030,13.6929
tuscola, MI,26157,92,1015641,9.0583
van buren, MI,26159,187,1372327,13.6265
washtenaw, MI,26161,790,6173332,12.797
wayne, MI,26163,7783,34151722,22.7895
wexford, MI,26165,83,578383,14.3504
aitkin, MN,27001,40,285873,13.9922
anoka, MN,27003,496,5831867,8.505
becker, MN,27005,61,576236,10.5859
beltrami, MN,27007,73,779392,9.3663
benton, MN,27009,59,677234,8.7119
blue earth, MN,27013,50,1109705,4.5057
brown, MN,27015,21,470052,4.4676
carlton, MN,27017,72,617655,11.657
carver, MN,27019,71,1549731,4.5814
cass, MN,27021,73,509064,14.34
chisago, MN,27025,76,905047,8.3974
clay, MN,27027,107,1017428,10.5167
clearwater, MN,27029,15,154831,9.688
crow wing, MN,27035,102,1087310,9.3809
dakota, MN,27037,516,6996172,7.3755
dodge, MN,27039,11,350264,3.1405
douglas, MN,27041,28,635923,4.403
faribault, MN,27043,11,269903,4.0755
fillmore, MN,27045,16,378234,4.2302
freeborn, MN,27047,28,567476,4.9341
goodhue, MN,27049,53,821451,6.452
hennepin, MN,27053,2043,20725060,9.8576
houston, MN,27055,21,346878,6.054
hubbard, MN,27057,27,356195,7.5801
isanti, MN,27059,45,653451,6.8865
itasca, MN,27061,67,804629,8.3268
kanabec, MN,27065,19,286332,6.6357
kandiyohi, MN,27067,33,752777,4.3838
koochiching, MN,27071,16,243980,6.5579
le sueur, MN,27079,20,487195,4.1051
lyon, MN,27083,21,458721,4.5779
mcleod, MN,27085,34,648103,5.2461
mahnomen, MN,27087,15,96273,15.5807
martin, MN,27091,14,375899,3.7244
meeker, MN,27093,20,416058,4.807
mille lacs, MN,27095,56,450533,12.4297
morrison, MN,27097,41,588159,6.9709
mower, MN,27099,52,700567,7.4226
nicollet, MN,27103,23,573149,4.0129
olmsted, MN,27109,151,2504919,6.0281
otter tail, MN,27111,43,1033964,4.1588
pennington, MN,27113,19,249185,7.6249
pine, MN,27115,35,514176,6.807
polk, MN,27119,56,563917,9.9305
pope, MN,27121,11,199418,5.5161
ramsey, MN,27123,971,9236221,10.513
redwood, MN,27127,15,289845,5.1752
renville, MN,27129,18,288673,6.2354
rice, MN,27131,54,1115136,4.8425
rock, MN,27133,10,172972,5.7813
st. louis, MN,27137,390,3600244,10.8326
scott, MN,27139,118,2171124,5.435
sherburne, MN,27141,109,1479726,7.3662
sibley, MN,27143,15,273068,5.4931
stearns, MN,27145,178,2615030,6.8068
steele, MN,27147,27,642421,4.2029
stevens, MN,27149,11,176723,6.2244
todd, MN,27153,17,442062,3.8456
wabasha, MN,27157,20,389008,5.1413
wadena, MN,27159,15,247811,6.053
waseca, MN,27161,17,346295,4.9091
washington, MN,27163,250,4113667,6.0773
winona, MN,27169,65,914655,7.1065
wright, MN,27171,104,2070183,5.0237
yellow medicine, MN,27173,10,189932,5.265
adams, MS,28001,45,589405,7.6348
alcorn, MS,28003,83,651864,12.7327
amite, MS,28005,14,237426,5.8966
attala, MS,28007,22,349281,6.2987
bolivar, MS,28011,20,648295,3.085
calhoun, MS,28013,16,267926,5.9718
chickasaw, MS,28017,21,325124,6.4591
clarke, MS,28023,31,304091,10.1943
clay, MS,28025,14,377728,3.7064
coahoma, MS,28027,50,490193,10.2001
copiah, MS,28029,36,523317,6.8792
covington, MS,28031,27,351039,7.6915
desoto, MS,28033,265,2626029,10.0913
forrest, MS,28035,118,1333284,8.8503
franklin, MS,28037,13,145568,8.9305
george, MS,28039,66,388208,17.0012
greene, MS,28041,12,246898,4.8603
grenada, MS,28043,22,399346,5.509
hancock, MS,28045,214,801051,26.7149
harrison, MS,28047,634,3439822,18.4312
hinds, MS,28049,213,4440951,4.7963
holmes, MS,28051,12,354784,3.3823
itawamba, MS,28057,54,417733,12.9269
jackson, MS,28059,506,2467113,20.5098
jasper, MS,28061,19,312244,6.085
jefferson davis, MS,28065,17,228495,7.44
jones, MS,28067,85,1201353,7.0754
lafayette, MS,28071,49,820249,5.9738
lamar, MS,28073,90,913887,9.848
lauderdale, MS,28075,105,1420388,7.3923
lawrence, MS,28077,20,232954,8.5854
leake, MS,28079,26,409451,6.35
lee, MS,28081,151,1455741,10.3727
leflore, MS,28083,34,604654,5.6231
lincoln, MS,28085,45,614991,7.3172
lowndes, MS,28087,76,1079196,7.0423
madison, MS,28089,93,1615787,5.7557
marion, MS,28091,93,468729,19.8409
marshall, MS,28093,43,650482,6.6105
monroe, MS,28095,38,667885,5.6896
montgomery, MS,28097,20,201421,9.9295
neshoba, MS,28099,55,526618,10.444
newton, MS,28101,30,390537,7.6817
oktibbeha, MS,28105,19,828703,2.2927
panola, MS,28107,67,621460,10.7811
pearl river, MS,28109,236,958516,24.6214
perry, MS,28111,21,219377,9.5726
pike, MS,28113,56,713054,7.8535
pontotoc, MS,28115,61,525151,11.6157
prentiss, MS,28117,43,458040,9.3878
quitman, MS,28119,17,157442,10.7976
rankin, MS,28121,286,2424485,11.7963
scott, MS,28123,28,507874,5.5132
simpson, MS,28127,53,493891,10.7311
smith, MS,28129,22,292478,7.5219
stone, MS,28131,39,292070,13.353
sunflower, MS,28133,22,553284,3.9763
tallahatchie, MS,28135,14,271171,5.1628
tate, MS,28137,63,492803,12.784
tippah, MS,28139,23,390205,5.8943
tishomingo, MS,28141,77,348720,22.0808
union, MS,28145,21,481915,4.3576
walthall, MS,28147,29,272920,10.6258
warren, MS,28149,71,876277,8.1025
washington, MS,28151,51,974723,5.2323
wayne, MS,28153,43,376333,11.4261
webster, MS,28155,21,181830,11.5492
winston, MS,28159,35,347986,10.0579
yalobusha, MS,28161,17,230172,7.3858
yazoo, MS,28163,39,504213,7.7348
adair, MO,29001,47,454389,10.3436
andrew, MO,29003,14,304609,4.5961
audrain, MO,29007,45,463565,9.7074
barry, MO,29009,65,632911,10.27
barton, MO,29011,24,225310,10.652
bates, MO,29013,52,303567,17.1297
benton, MO,29015,50,332332,15.0452
bollinger, MO,29017,11,221984,4.9553
boone, MO,29019,303,2804530,10.8039
buchanan, MO,29021,159,1579518,10.0664
butler, MO,29023,151,758382,19.9108
caldwell, MO,29025,18,165144,10.8996
callaway, MO,29027,110,777282,14.1519
camden, MO,29029,112,748115,14.971
cape girardeau, MO,29031,136,1326995,10.2487
carroll, MO,29033,14,172504,8.1158
carter, MO,29035,14,109974,12.7303
cass, MO,29037,161,1699443,9.4737
cedar, MO,29039,35,251594,13.9113
chariton, MO,29041,12,143077,8.3871
christian, MO,29043,151,1271393,11.8767
clay, MO,29047,413,3801699,10.8636
clinton, MO,29049,43,364333,11.8024
cole, MO,29051,127,1337464,9.4956
cooper, MO,29053,23,312114,7.3691
crawford, MO,29055,75,434320,17.2684
dade, MO,29057,15,140818,10.652
dallas, MO,29059,34,294951,11.5273
dent, MO,29065,63,276394,22.7935
douglas, MO,29067,14,241887,5.7878
dunklin, MO,29069,92,579037,15.8884
franklin, MO,29071,299,1785909,16.7422
gasconade, MO,29073,37,274005,13.5034
greene, MO,29077,1034,4783091,21.6178
grundy, MO,29079,16,184846,8.6559
harrison, MO,29081,17,158462,10.7281
henry, MO,29083,32,399096,8.0181
hickory, MO,29085,22,167703,13.1184
howell, MO,29091,108,704383,15.3326
iron, MO,29093,38,189729,20.0286
jackson, MO,29095,1638,12030773,13.6151
jasper, MO,29097,213,2027665,10.5047
jefferson, MO,29099,740,3833538,19.3033
johnson, MO,29101,41,932053,4.3989
laclede, MO,29105,35,621146,5.6347
lafayette, MO,29107,41,594921,6.8917
lawrence, MO,29109,85,674256,12.6065
lewis, MO,29111,15,184812,8.1164
lincoln, MO,29113,119,876052,13.5837
linn, MO,29115,14,232743,6.0152
livingston, MO,29117,37,267303,13.842
mcdonald, MO,29119,35,405424,8.6329
macon, MO,29121,22,279605,7.8682
madison, MO,29123,43,218736,19.6584
maries, MO,29125,20,162464,12.3104
marion, MO,29127,70,513508,13.6317
miller, MO,29131,41,442200,9.2718
mississippi, MO,29133,18,250781,7.1776
moniteau, MO,29135,10,277020,3.6098
monroe, MO,29137,13,162341,8.0078
montgomery, MO,29139,29,217723,13.3197
morgan, MO,29141,33,362358,9.107
new madrid, MO,29143,34,340611,9.9821
newton, MO,29145,93,1016489,9.1491
nodaway, MO,29147,11,409445,2.6866
oregon, MO,29149,20,191994,10.417
osage, MO,29151,17,243576,6.9793
ozark, MO,29153,24,172018,13.952
pemiscot, MO,29155,60,337410,17.7825
perry, MO,29157,32,337485,9.4819
pettis, MO,29159,69,738911,9.3381
phelps, MO,29161,101,779915,12.9501
pike, MO,29163,25,332877,7.5103
platte, MO,29165,140,1543336,9.0713
polk, MO,29167,89,535659,16.615
pulaski, MO,29169,137,868139,15.7809
randolph, MO,29175,45,452588,9.9428
ray, MO,29177,42,420856,9.9797
reynolds, MO,29179,19,119346,15.9201
ripley, MO,29181,32,249687,12.816
st. charles, MO,29183,718,6135228,11.7029
ste. genevieve, MO,29186,48,324685,14.7836
st. francois, MO,29187,300,1123168,26.7102
st. louis, MO,29189,2205,18088292,12.1902
saline, MO,29195,41,417916,9.8106
scott, MO,29201,96,711275,13.4969
shannon, MO,29203,15,149826,10.0116
shelby, MO,29205,10,116340,8.5955
stoddard, MO,29207,55,538503,10.2135
stone, MO,29209,65,554671,11.7187
taney, MO,29213,87,860296,10.1128
texas, MO,29215,38,451534,8.4158
vernon, MO,29217,37,373464,9.9072
warren, MO,29219,88,541493,16.2514
washington, MO,29221,81,441003,18.3672
wayne, MO,29223,42,240948,17.4311
webster, MO,29225,78,625788,12.4643
wright, MO,29229,23,331304,6.9423
st. louis city, MO,29510,1391,5864217,23.7201
beaverhead, MT,30001,12,164781,7.2824
big horn, MT,30003,21,231165,9.0844
carbon, MT,30009,26,179617,14.4752
cascade, MT,30013,172,1455668,11.8159
custer, MT,30017,26,210320,12.3621
dawson, MT,30021,14,163119,8.5827
deer lodge, MT,30023,37,166806,22.1815
fergus, MT,30027,23,208122,11.0512
flathead, MT,30029,213,1557336,13.6772
gallatin, MT,30031,88,1527646,5.7605
glacier, MT,30035,41,240860,17.0223
hill, MT,30041,48,292829,16.3918
jefferson, MT,30043,20,196936,10.1556
lake, MT,30047,86,506694,16.9728
lewis and clark, MT,30049,149,1099219,13.5551
lincoln, MT,30053,45,345527,13.0236
madison, MT,30057,14,133253,10.5063
mineral, MT,30061,21,73792,28.4584
missoula, MT,30063,262,1902366,13.7723
park, MT,30067,52,282765,18.3898
powell, MT,30077,21,126251,16.6335
ravalli, MT,30081,68,707657,9.6092
richland, MT,30083,28,180288,15.5307
roosevelt, MT,30085,30,191452,15.6697
rosebud, MT,30087,12,166491,7.2076
sanders, MT,30089,20,199061,10.0472
silver bow, MT,30093,114,613299,18.588
stillwater, MT,30095,10,158986,6.2899
toole, MT,30101,12,92598,12.9592
yellowstone, MT,30111,343,2574857,13.3211
adams, NE,31001,26,561033,4.6343
box butte, NE,31013,23,207897,11.0632
buffalo, NE,31019,39,816301,4.7776
cass, NE,31025,27,451354,5.982
cheyenne, NE,31033,19,180354,10.5348
dakota, NE,31043,17,370363,4.5901
dawes, NE,31045,15,164368,9.1259
dawson, NE,31047,16,435008,3.6781
dodge, NE,31053,40,656169,6.096
douglas, NE,31055,679,9079008,7.4788
gage, NE,31067,28,405006,6.9135
hall, NE,31079,47,1027023,4.5763
keith, NE,31101,11,151363,7.2673
lancaster, NE,31109,361,5001933,7.2172
lincoln, NE,31111,46,640084,7.1866
madison, NE,31119,32,633232,5.0534
merrick, NE,31121,11,142157,7.7379
nemaha, NE,31127,12,130650,9.1848
otoe, NE,31131,11,282190,3.8981
platte, NE,31141,22,572199,3.8448
red willow, NE,31145,15,200498,7.4814
richardson, NE,31147,16,155421,10.2946
sarpy, NE,31153,127,2692839,4.7162
saunders, NE,31155,13,368507,3.5277
scotts bluff, NE,31157,69,658704,10.4751
york, NE,31185,11,252409,4.358
churchill, NV,32001,86,439441,19.5703
clark, NV,32003,6310,32470306,19.4331
douglas, NV,32005,132,824642,16.0069
elko, NV,32007,88,860332,10.2286
humboldt, NV,32013,30,289543,10.3612
lander, NV,32015,20,100847,19.832
lincoln, NV,32017,14,86672,16.1529
lyon, NV,32019,124,839509,14.7705
mineral, NV,32021,19,85787,22.1479
nye, NV,32023,202,721277,28.0059
pershing, NV,32027,14,119980,11.6686
storey, NV,32029,13,68087,19.0932
washoe, NV,32031,1437,7227492,19.8824
white pine, NV,32033,41,171313,23.9328
carson city, NV,32510,181,984663,18.3819
belknap, NH,33001,174,1071168,16.244
carroll, NH,33003,140,838124,16.704
cheshire, NH,33005,167,1372067,12.1714
coos, NH,33007,98,592369,16.5437
grafton, NH,33009,153,1561713,9.7969
hillsborough, NH,33011,1187,7142260,16.6194
merrimack, NH,33013,346,2599360,13.311
rockingham, NH,33015,714,5260410,13.5731
strafford, NH,33017,342,2170068,15.7599
sullivan, NH,33019,98,767314,12.7718
atlantic, NJ,34001,912,4831039,18.8779
bergen, NJ,34003,1226,16268245,7.5362
burlington, NJ,34005,987,7986206,12.3588
camden, NJ,34007,1895,9202913,20.5913
cape may, NJ,34009,305,1771376,17.2183
cumberland, NJ,34011,364,2753051,13.2217
essex, NJ,34013,2039,14202678,14.3564
gloucester, NJ,34015,943,5012720,18.8121
hudson, NJ,34017,1086,11374562,9.5476
hunterdon, NJ,34019,162,2275494,7.1193
mercer, NJ,34021,587,6532620,8.9857
middlesex, NJ,34023,1381,14342036,9.629
monmouth, NJ,34025,1278,11268954,11.3409
morris, NJ,34027,695,8777778,7.9177
ocean, NJ,34029,1433,10083321,14.2116
passaic, NJ,34031,926,8966167,10.3277
salem, NJ,34033,194,1170947,16.5678
somerset, NJ,34035,426,5708272,7.4629
sussex, NJ,34037,288,2653050,10.8554
union, NJ,34039,799,9620033,8.3056
warren, NJ,34041,218,1929622,11.2975
bernalillo, NM,35001,3081,11333441,27.185
catron, NM,35003,14,64068,21.8518
chaves, NM,35005,249,1145655,21.7343
cibola, NM,35006,73,485849,15.0252
colfax, NM,35007,50,245244,20.3879
curry, NM,35009,95,855181,11.1088
dona ana, NM,35013,520,3550438,14.6461
eddy, NM,35015,209,957525,21.8271
grant, NM,35017,118,533652,22.1118
guadalupe, NM,35019,22,83479,26.3539
hidalgo, NM,35023,19,90561,20.9803
lea, NM,35025,162,1119369,14.4724
lincoln, NM,35027,88,359602,24.4715
los alamos, NM,35028,37,325920,11.3525
luna, NM,35029,51,448772,11.3643
mckinley, NM,35031,140,1308034,10.7031
mora, NM,35033,19,88281,21.5222
otero, NM,35035,202,1138875,17.7368
quay, NM,35037,37,164668,22.4695
rio arriba, NM,35039,438,725557,60.3674
roosevelt, NM,35041,38,345038,11.0133
sandoval, NM,35043,317,2123091,14.9311
san juan, NM,35045,300,2209409,13.5783
san miguel, NM,35047,145,525736,27.5804
santa fe, NM,35049,606,2524106,24.0085
sierra, NM,35051,57,218071,26.1383
socorro, NM,35053,68,320194,21.2371
taos, NM,35055,139,576022,24.131
torrance, NM,35057,80,294108,27.2009
valencia, NM,35061,322,1304999,24.6743
albany, NY,36001,405,5452715,7.4275
allegany, NY,36003,44,883310,4.9813
bronx, NY,36005,3909,24824519,15.7465
broome, NY,36007,363,3594432,10.099
cattaraugus, NY,36009,96,1459238,6.5788
cayuga, NY,36011,123,1446434,8.5037
chautauqua, NY,36013,215,2437588,8.8202
chemung, NY,36015,149,1603506,9.2921
chenango, NY,36017,54,910544,5.9305
clinton, NY,36019,113,1467286,7.7013
columbia, NY,36021,93,1131254,8.221
cortland, NY,36023,60,884265,6.7853
delaware, NY,36025,78,857111,9.1003
dutchess, NY,36027,602,5267866,11.4278
erie, NY,36029,1661,16734636,9.9255
essex, NY,36031,59,702862,8.3943
franklin, NY,36033,60,923596,6.4963
fulton, NY,36035,64,989697,6.4666
genesee, NY,36037,73,1077998,6.7718
greene, NY,36039,102,874928,11.6581
herkimer, NY,36043,75,1153820,6.5001
jefferson, NY,36045,157,2063423,7.6087
kings, NY,36047,4434,45156766,9.8191
lewis, NY,36049,30,485139,6.1838
livingston, NY,36051,71,1170125,6.0677
madison, NY,36053,98,1291068,7.5906
monroe, NY,36055,1027,13368110,7.6825
montgomery, NY,36057,52,894954,5.8104
nassau, NY,36059,1967,24123054,8.154
new york, NY,36061,3673,28577220,12.8529
niagara, NY,36063,408,3893271,10.4796
oneida, NY,36065,348,4213070,8.26
onondaga, NY,36067,834,8341649,9.998
ontario, NY,36069,131,1899427,6.8968
orange, NY,36071,699,6573226,10.634
orleans, NY,36073,34,775141,4.3863
oswego, NY,36075,205,2194677,9.3408
otsego, NY,36077,84,1116108,7.5262
putnam, NY,36079,162,1778055,9.1111
queens, NY,36081,2980,40295825,7.3953
rensselaer, NY,36083,175,2828901,6.1861
richmond, NY,36085,1186,8307412,14.2764
rockland, NY,36087,315,5506193,5.7208
st. lawrence, NY,36089,134,2008594,6.6713
saratoga, NY,36091,211,3874628,5.4457
schenectady, NY,36093,190,2730523,6.9584
schoharie, NY,36095,24,578278,4.1503
schuyler, NY,36097,20,336703,5.94
seneca, NY,36099,43,629089,6.8353
steuben, NY,36101,129,1776415,7.2618
suffolk, NY,36103,3018,26558134,11.3638
sullivan, NY,36105,211,1368544,15.4178
tioga, NY,36107,69,919324,7.5055
tompkins, NY,36109,140,1812242,7.7252
ulster, NY,36111,316,3257088,9.7019
warren, NY,36113,71,1167096,6.0835
washington, NY,36115,52,1121710,4.6358
wayne, NY,36117,100,1678126,5.959
westchester, NY,36119,1173,17018990,6.8923
wyoming, NY,36121,34,761882,4.4626
yates, NY,36123,23,451077,5.0989
alamance, NC,37001,286,2611375,10.9521
alexander, NC,37003,119,648814,18.3412
alleghany, NC,37005,29,195972,14.798
anson, NC,37007,45,470617,9.5619
ashe, NC,37009,74,471538,15.6933
avery, NC,37011,55,319289,17.2258
beaufort, NC,37013,96,838643,11.4471
bertie, NC,37015,23,365830,6.2871
bladen, NC,37017,76,611172,12.4351
brunswick, NC,37019,370,1766188,20.9491
buncombe, NC,37021,566,4145733,13.6526
burke, NC,37023,388,1616310,24.0053
cabarrus, NC,37025,393,2968986,13.2368
caldwell, NC,37027,266,1451816,18.3219
camden, NC,37029,20,163419,12.2385
carteret, NC,37031,236,1159996,20.3449
caswell, NC,37033,44,423600,10.3872
catawba, NC,37035,418,2707753,15.4372
chatham, NC,37037,70,1087079,6.4393
cherokee, NC,37039,131,474953,27.5817
chowan, NC,37041,21,263887,7.958
clay, NC,37043,39,180674,21.5858
cleveland, NC,37045,280,1748795,16.011
columbus, NC,37047,164,1011397,16.2152
craven, NC,37049,254,1774473,14.3141
cumberland, NC,37051,615,5645456,10.8937
currituck, NC,37053,40,403148,9.9219
dare, NC,37055,113,600090,18.8305
davidson, NC,37057,456,2842860,16.0402
davie, NC,37059,103,706854,14.5716
duplin, NC,37061,59,997556,5.9145
durham, NC,37063,403,4656153,8.6552
edgecombe, NC,37065,101,1002972,10.0701
forsyth, NC,37067,741,6090857,12.1658
franklin, NC,37069,107,1020594,10.4841
gaston, NC,37071,784,3618683,21.6653
gates, NC,37073,14,205346,6.8178
graham, NC,37075,34,152754,22.258
granville, NC,37077,96,1003455,9.5669
greene, NC,37079,27,369917,7.2989
guilford, NC,37081,849,8454542,10.0419
halifax, NC,37083,109,991683,10.9914
harnett, NC,37085,194,1961255,9.8916
haywood, NC,37087,196,1037824,18.8857
henderson, NC,37089,282,1831389,15.3981
hertford, NC,37091,26,430567,6.0385
hoke, NC,37093,67,780208,8.5875
iredell, NC,37097,378,2681016,14.0991
jackson, NC,37099,113,685147,16.4928
johnston, NC,37101,260,2805971,9.266
jones, NC,37103,19,181934,10.4433
lee, NC,37105,115,982613,11.7035
lenoir, NC,37107,94,1063617,8.8378
lincoln, NC,37109,200,1322416,15.1238
mcdowell, NC,37111,130,793023,16.393
macon, NC,37113,102,586819,17.3819
madison, NC,37115,43,367677,11.695
martin, NC,37117,47,440029,10.6811
mecklenburg, NC,37119,1287,15575591,8.2629
mitchell, NC,37121,68,280783,24.218
montgomery, NC,37123,39,491943,7.9277
moore, NC,37125,166,1524689,10.8875
nash, NC,37127,173,1663286,10.4011
new hanover, NC,37129,612,3461829,17.6785
northampton, NC,37131,22,390379,5.6355
onslow, NC,37133,305,3024545,10.0842
orange, NC,37135,205,2315984,8.8515
pamlico, NC,37137,30,233522,12.8468
pasquotank, NC,37139,61,691334,8.8235
pender, NC,37141,113,885161,12.766
perquimans, NC,37143,25,227653,10.9816
person, NC,37145,74,686611,10.7776
pitt, NC,37147,289,2828735,10.2166
polk, NC,37149,58,355391,16.3201
randolph, NC,37151,338,2485682,13.5979
richmond, NC,37153,153,833100,18.3651
robeson, NC,37155,252,2340388,10.7674
rockingham, NC,37157,246,1665974,14.7661
rowan, NC,37159,457,2438293,18.7426
rutherford, NC,37161,253,1183202,21.3827
sampson, NC,37163,159,1121767,14.1741
scotland, NC,37165,83,647507,12.8184
stanly, NC,37167,161,1074046,14.99
stokes, NC,37169,130,831787,15.629
surry, NC,37171,208,1307845,15.904
swain, NC,37173,56,246413,22.7261
transylvania, NC,37175,102,569847,17.8995
union, NC,37179,237,3214288,7.3733
vance, NC,37181,113,799264,14.138
wake, NC,37183,1071,14904569,7.1857
warren, NC,37185,19,367959,5.1636
watauga, NC,37189,92,874021,10.5261
wayne, NC,37191,196,2148322,9.1234
wilkes, NC,37193,336,1226772,27.389
wilson, NC,37195,112,1412328,7.9302
yadkin, NC,37197,114,676512,16.8511
yancey, NC,37199,74,319365,23.171
benson, ND,38005,11,121783,9.0325
burleigh, ND,38015,73,1427702,5.1131
cass, ND,38017,127,2602148,4.8806
grand forks, ND,38035,65,1211808,5.3639
mckenzie, ND,38053,11,130521,8.4278
morton, ND,38059,23,486219,4.7304
richland, ND,38077,17,304016,5.5918
rolette, ND,38079,21,251529,8.3489
stark, ND,38089,38,449260,8.4584
stutsman, ND,38093,14,382134,3.6636
walsh, ND,38099,11,206556,5.3254
ward, ND,38101,30,1111709,2.6985
williams, ND,38105,26,426677,6.0936
adams, OH,39001,118,506912,23.2782
allen, OH,39003,174,1917606,9.0738
ashland, OH,39005,79,954652,8.2753
ashtabula, OH,39007,267,1825490,14.6262
athens, OH,39009,151,1154408,13.0803
auglaize, OH,39011,59,828647,7.12
belmont, OH,39013,146,1260445,11.5832
brown, OH,39015,199,790110,25.1864
butler, OH,39017,1600,6436893,24.8567
carroll, OH,39019,47,517760,9.0776
champaign, OH,39021,100,710885,14.067
clark, OH,39023,509,2516813,20.224
clermont, OH,39025,802,3458885,23.1867
clinton, OH,39027,159,750649,21.1817
columbiana, OH,39029,281,1955335,14.3709
coshocton, OH,39031,46,664813,6.9192
crawford, OH,39033,125,801618,15.5935
cuyahoga, OH,39035,3684,23619697,15.5972
darke, OH,39037,131,950889,13.7766
defiance, OH,39039,63,702081,8.9733
delaware, OH,39041,184,2837140,6.4854
erie, OH,39043,191,1395436,13.6875
fairfield, OH,39045,255,2524723,10.1001
fayette, OH,39047,83,516522,16.069
franklin, OH,39049,3261,20639517,15.7998
fulton, OH,39051,71,765543,9.2745
gallia, OH,39053,100,554987,18.0184
geauga, OH,39055,153,1675589,9.1311
greene, OH,39057,467,2843591,16.4229
guernsey, OH,39059,113,725350,15.5787
hamilton, OH,39061,2754,14662081,18.7831
hancock, OH,39063,122,1333826,9.1466
hardin, OH,39065,79,574053,13.7618
harrison, OH,39067,22,284034,7.7456
henry, OH,39069,37,514057,7.1976
highland, OH,39071,129,769844,16.7566
hocking, OH,39073,83,519997,15.9616
holmes, OH,39075,17,753092,2.2574
huron, OH,39077,143,1071351,13.3476
jackson, OH,39079,122,592497,20.5908
jefferson, OH,39081,259,1266273,20.4537
knox, OH,39083,115,1061037,10.8385
lake, OH,39085,607,4116664,14.7449
lawrence, OH,39087,194,1118918,17.3382
licking, OH,39089,347,2886918,12.0197
logan, OH,39091,104,825377,12.6003
lorain, OH,39093,776,5338542,14.5358
lucas, OH,39095,1322,8010358,16.5036
madison, OH,39097,104,759970,13.6848
mahoning, OH,39099,699,4385591,15.9386
marion, OH,39101,211,1191491,17.7089
medina, OH,39103,260,3002352,8.6599
meigs, OH,39105,62,421994,14.6922
mercer, OH,39107,43,736255,5.8404
miami, OH,39109,257,1832572,14.024
monroe, OH,39111,20,266242,7.512
montgomery, OH,39113,2799,9774930,28.6345
morgan, OH,39115,23,269812,8.5245
morrow, OH,39117,72,614236,11.7219
muskingum, OH,39119,159,1540995,10.318
noble, OH,39121,22,258707,8.5038
ottawa, OH,39123,83,742934,11.1719
paulding, OH,39125,19,353587,5.3735
perry, OH,39127,59,637612,9.2533
pickaway, OH,39129,131,982183,13.3376
pike, OH,39131,97,509573,19.0355
portage, OH,39133,310,2854654,10.8595
preble, OH,39135,137,760034,18.0255
putnam, OH,39137,28,621124,4.508
richland, OH,39139,351,2261675,15.5195
ross, OH,39141,320,1373605,23.2964
sandusky, OH,39143,134,1099867,12.1833
scioto, OH,39145,362,1411274,25.6506
seneca, OH,39147,83,1028202,8.0723
shelby, OH,39149,107,880535,12.1517
stark, OH,39151,731,6771808,10.7948
summit, OH,39153,1654,9771930,16.926
trumbull, OH,39155,843,3854167,21.8724
tuscarawas, OH,39157,117,1659396,7.0508
union, OH,39159,85,880619,9.6523
van wert, OH,39161,47,522497,8.9953
vinton, OH,39163,51,238049,21.4242
warren, OH,39165,479,3582857,13.3692
washington, OH,39167,141,1118346,12.6079
wayne, OH,39169,181,2052315,8.8193
williams, OH,39171,45,687362,6.5468
wood, OH,39173,162,2257643,7.1756
wyandot, OH,39175,24,407761,5.8858
adair, OK,40001,47,394681,11.9084
alfalfa, OK,40003,13,104137,12.4836
atoka, OK,40005,39,251638,15.4985
beckham, OK,40009,65,385413,16.865
blaine, OK,40011,24,201595,11.9051
bryan, OK,40013,139,731244,19.0087
caddo, OK,40015,96,529554,18.1285
canadian, OK,40017,211,1960210,10.7642
carter, OK,40019,190,846189,22.4536
cherokee, OK,40021,162,824716,19.6431
choctaw, OK,40023,45,273302,16.4653
cleveland, OK,40027,577,4374707,13.1895
coal, OK,40029,20,105452,18.966
comanche, OK,40031,223,2147542,10.384
cotton, OK,40033,15,112668,13.3135
craig, OK,40035,37,266930,13.8613
creek, OK,40037,248,1242817,19.9547
custer, OK,40039,47,488864,9.6141
delaware, OK,40041,106,720064,14.7209
garfield, OK,40047,113,1071264,10.5483
garvin, OK,40049,102,491969,20.733
grady, OK,40051,144,908699,15.8468
greer, OK,40055,18,109690,16.4099
haskell, OK,40061,31,223590,13.8647
hughes, OK,40063,23,247637,9.2878
jackson, OK,40065,50,482082,10.3717
jefferson, OK,40067,28,116752,23.9825
johnston, OK,40069,57,193795,29.4125
kay, OK,40071,99,838256,11.8102
kingfisher, OK,40073,18,264559,6.8038
kiowa, OK,40075,23,173669,13.2436
latimer, OK,40077,35,194574,17.988
le flore, OK,40079,166,886722,18.7206
lincoln, OK,40081,91,603790,15.0715
logan, OK,40083,74,712523,10.3856
love, OK,40085,30,167180,17.9447
mcclain, OK,40087,89,586446,15.1762
mccurtain, OK,40089,111,600598,18.4816
mcintosh, OK,40091,72,357929,20.1157
marshall, OK,40095,32,269835,11.8591
mayes, OK,40097,131,721869,18.1473
murray, OK,40099,61,237346,25.7009
muskogee, OK,40101,254,1259528,20.1663
noble, OK,40103,26,206756,12.5752
nowata, OK,40105,19,190981,9.9486
okfuskee, OK,40107,41,216741,18.9166
oklahoma, OK,40109,2115,12762215,16.5724
okmulgee, OK,40111,109,712347,15.3015
osage, OK,40113,102,840197,12.14
ottawa, OK,40115,88,582549,15.106
pawnee, OK,40117,76,298183,25.4877
payne, OK,40119,132,1349805,9.7792
pittsburg, OK,40121,158,803445,19.6653
pontotoc, OK,40123,141,656765,21.4689
pottawatomie, OK,40125,224,1236374,18.1175
pushmataha, OK,40127,43,205558,20.9187
rogers, OK,40131,168,1487115,11.297
seminole, OK,40133,86,451797,19.0351
sequoyah, OK,40135,159,735456,21.6192
stephens, OK,40137,163,791477,20.5944
texas, OK,40139,43,366491,11.7329
tillman, OK,40141,23,149630,15.3712
tulsa, OK,40143,1973,10668444,18.4938
wagoner, OK,40145,214,1228060,17.4259
washington, OK,40147,129,905180,14.2513
washita, OK,40149,28,206669,13.5482
woods, OK,40151,20,159779,12.5173
woodward, OK,40153,41,356292,11.5074
baker, OR,41001,48,291981,16.4394
benton, OR,41003,107,1499531,7.1356
clackamas, OR,41005,754,6642147,11.3518
clatsop, OR,41007,149,660076,22.5732
columbia, OR,41009,107,857915,12.4721
coos, OR,41011,183,1133469,16.1451
crook, OR,41013,48,374206,12.8272
curry, OR,41015,67,398971,16.7932
deschutes, OR,41017,284,2664702,10.6579
douglas, OR,41019,257,1895664,13.5573
grant, OR,41023,17,133424,12.7413
harney, OR,41025,17,132156,12.8636
hood river, OR,41027,18,389532,4.6209
jackson, OR,41029,575,3569635,16.1081
jefferson, OR,41031,33,379225,8.702
josephine, OR,41033,232,1458502,15.9067
klamath, OR,41035,169,1179104,14.3329
lake, OR,41037,27,139061,19.4159
lane, OR,41039,989,6186533,15.9863
lincoln, OR,41041,175,821132,21.312
linn, OR,41043,281,2024937,13.877
malheur, OR,41045,55,559999,9.8214
marion, OR,41047,597,5543853,10.7687
morrow, OR,41049,11,200790,5.4784
multnomah, OR,41051,2678,12889109,20.7772
polk, OR,41053,114,1288801,8.8454
tillamook, OR,41057,75,450799,16.6371
umatilla, OR,41059,116,1337061,8.6757
union, OR,41061,55,453328,12.1325
wasco, OR,41065,42,443618,9.4676
washington, OR,41067,790,9199904,8.587
yamhill, OR,41071,167,1706667,9.7852
adams, PA,42001,166,1774356,9.3555
allegheny, PA,42003,4385,22337751,19.6304
armstrong, PA,42005,226,1256272,17.9897
beaver, PA,42007,533,3124695,17.0577
bedford, PA,42009,111,892127,12.4422
berks, PA,42011,864,7195736,12.0071
blair, PA,42013,395,2288424,17.2608
bradford, PA,42015,107,1121844,9.5379
bucks, PA,42017,1989,11117269,17.8911
butler, PA,42019,456,3263970,13.9707
cambria, PA,42021,621,2609512,23.7976
carbon, PA,42025,211,1130654,18.6618
centre, PA,42027,172,2685222,6.4054
chester, PA,42029,913,8655859,10.5478
clarion, PA,42031,60,725739,8.2674
clearfield, PA,42033,168,1476118,11.3812
clinton, PA,42035,78,698496,11.1668
columbia, PA,42037,113,1187836,9.5131
crawford, PA,42039,227,1599133,14.1952
cumberland, PA,42041,369,4135848,8.922
dauphin, PA,42043,539,4731133,11.3926
delaware, PA,42045,2119,10016288,21.1555
elk, PA,42047,68,590754,11.5107
erie, PA,42049,707,5029063,14.0583
fayette, PA,42051,470,2519470,18.6547
forest, PA,42053,15,122951,12.2
franklin, PA,42055,242,2576167,9.3938
fulton, PA,42057,39,262788,14.8409
greene, PA,42059,139,703048,19.7711
huntingdon, PA,42061,68,823522,8.2572
indiana, PA,42063,239,1594923,14.985
jefferson, PA,42065,91,813431,11.1872
juniata, PA,42067,35,433064,8.0819
lackawanna, PA,42069,710,3835161,18.5129
lancaster, PA,42071,913,9107957,10.0242
lawrence, PA,42073,297,1649661,18.0037
lebanon, PA,42075,185,2330840,7.9371
lehigh, PA,42077,858,6097790,14.0707
luzerne, PA,42079,1147,5730946,20.0141
lycoming, PA,42081,190,2111368,8.9989
mc kean, PA,42083,95,792192,11.992
mercer, PA,42085,352,2113163,16.6575
mifflin, PA,42087,101,837723,12.0565
monroe, PA,42089,418,2885466,14.4864
montgomery, PA,42091,1990,14182987,14.0309
montour, PA,42093,43,328988,13.0704
northampton, PA,42095,661,5192057,12.731
northumberland, PA,42097,200,1692182,11.8191
perry, PA,42099,79,810698,9.7447
philadelphia, PA,42101,7484,27374411,27.3394
pike, PA,42103,161,968203,16.6287
potter, PA,42105,31,318094,9.7455
schuylkill, PA,42107,449,2658044,16.8921
snyder, PA,42109,35,704027,4.9714
somerset, PA,42111,184,1406359,13.0834
susquehanna, PA,42115,109,767545,14.2011
tioga, PA,42117,46,752143,6.1159
union, PA,42119,37,791594,4.6741
venango, PA,42121,148,996847,14.8468
warren, PA,42123,60,756484,7.9314
washington, PA,42125,610,3710081,16.4417
wayne, PA,42127,148,911203,16.2423
westmoreland, PA,42129,1230,6572082,18.7155
wyoming, PA,42131,87,506212,17.1865
york, PA,42133,955,7522985,12.6944
bristol, RI,44001,112,907347,12.3437
kent, RI,44003,570,3008309,18.9475
newport, RI,44005,183,1508090,12.1346
providence, RI,44007,2051,11331376,18.1002
washington, RI,44009,283,2273202,12.4494
abbeville, SC,45001,32,461599,6.9324
aiken, SC,45003,434,2787119,15.5716
anderson, SC,45007,528,3260672,16.193
bamberg, SC,45009,25,287879,8.6842
barnwell, SC,45011,38,408180,9.3096
beaufort, SC,45013,203,2722733,7.4557
berkeley, SC,45015,312,3057469,10.2045
calhoun, SC,45017,12,272144,4.4094
charleston, SC,45019,760,6203904,12.2504
cherokee, SC,45021,130,981827,13.2406
chester, SC,45023,41,598140,6.8546
chesterfield, SC,45025,75,812948,9.2257
clarendon, SC,45027,45,609913,7.3781
colleton, SC,45029,85,691020,12.3007
darlington, SC,45031,125,1225281,10.2017
dillon, SC,45033,45,562894,7.9944
dorchester, SC,45035,192,2246493,8.5467
edgefield, SC,45037,22,468123,4.6996
fairfield, SC,45039,26,425120,6.1159
florence, SC,45041,198,2399893,8.2504
georgetown, SC,45043,115,1067758,10.7702
greenville, SC,45045,1209,7786713,15.5264
greenwood, SC,45047,118,1231253,9.5837
hampton, SC,45049,32,376728,8.4942
horry, SC,45051,763,4526574,16.856
jasper, SC,45053,42,426912,9.8381
kershaw, SC,45055,98,1056746,9.2738
lancaster, SC,45057,144,1300476,11.0729
laurens, SC,45059,186,1214559,15.3142
lexington, SC,45063,559,4484017,12.4665
marion, SC,45067,47,605077,7.7676
marlboro, SC,45069,37,512324,7.222
newberry, SC,45071,43,665949,6.457
oconee, SC,45073,250,1292626,19.3405
orangeburg, SC,45075,105,1645841,6.3797
pickens, SC,45077,421,2097733,20.0693
richland, SC,45079,589,6590581,8.937
saluda, SC,45081,24,351618,6.8256
spartanburg, SC,45083,845,4956462,17.0485
sumter, SC,45085,96,1916095,5.0102
union, SC,45087,61,521224,11.7032
williamsburg, SC,45089,39,626987,6.2202
york, SC,45091,455,3748655,12.1377
beadle, SD,46005,14,309176,4.5282
brookings, SD,46011,17,557048,3.0518
brown, SD,46013,35,655988,5.3355
codington, SD,46029,17,484734,3.5071
custer, SD,46033,13,143499,9.0593
davison, SD,46035,14,348171,4.021
fall river, SD,46047,25,127841,19.5555
hughes, SD,46065,11,304597,3.6113
lawrence, SD,46081,27,421412,6.407
lincoln, SD,46083,22,707989,3.1074
meade, SD,46093,34,458179,7.4207
minnehaha, SD,46099,215,2974218,7.2288
pennington, SD,46103,146,1762467,8.2838
roberts, SD,46109,11,181781,6.0512
shannon, SD,46113,24,241574,9.9348
todd, SD,46121,23,172152,13.3603
yankton, SD,46135,19,398819,4.7641
anderson, TN,47001,303,1325653,22.8567
bedford, TN,47003,99,772795,12.8106
benton, TN,47005,91,295502,30.7951
bledsoe, TN,47007,28,233571,11.9878
blount, TN,47009,382,2128421,17.9476
bradley, TN,47011,274,1729409,15.8436
campbell, TN,47013,219,723406,30.2735
cannon, TN,47015,49,241699,20.2731
carroll, TN,47017,90,517413,17.3942
carter, TN,47019,185,1029561,17.9688
cheatham, TN,47021,153,687472,22.2555
chester, TN,47023,32,298839,10.7081
claiborne, TN,47025,146,562260,25.9666
clay, TN,47027,50,141618,35.3062
cocke, TN,47029,125,627399,19.9235
coffee, TN,47031,155,927615,16.7095
crockett, TN,47033,27,261305,10.3328
cumberland, TN,47035,153,962388,15.898
davidson, TN,47037,1910,11072491,17.25
decatur, TN,47039,40,210338,19.017
dekalb, TN,47041,91,331509,27.4502
dickson, TN,47043,143,860111,16.6258
dyer, TN,47045,63,680493,9.258
fayette, TN,47047,60,637592,9.4104
fentress, TN,47049,77,314349,24.4951
franklin, TN,47051,121,731397,16.5437
gibson, TN,47053,106,878012,12.0727
giles, TN,47055,83,528179,15.7144
grainger, TN,47057,91,396362,22.9588
greene, TN,47059,227,1202156,18.8827
grundy, TN,47061,63,249810,25.2192
hamblen, TN,47063,257,1098858,23.3879
hamilton, TN,47065,786,5925427,13.2649
hancock, TN,47067,37,121241,30.5177
hardeman, TN,47069,39,490817,7.9459
hardin, TN,47071,124,464586,26.6904
hawkins, TN,47073,232,1002814,23.1349
haywood, TN,47075,27,341367,7.9094
henderson, TN,47077,94,486704,19.3136
henry, TN,47079,113,572298,19.745
hickman, TN,47081,72,429441,16.766
houston, TN,47083,31,147481,21.0197
humphreys, TN,47085,45,327413,13.7441
jackson, TN,47087,67,204760,32.7212
jefferson, TN,47089,156,888712,17.5535
johnson, TN,47091,43,323175,13.3055
knox, TN,47093,1684,7530932,22.3611
lake, TN,47095,11,140815,7.8117
lauderdale, TN,47097,61,494200,12.3432
lawrence, TN,47099,117,742725,15.7528
lewis, TN,47101,30,212283,14.1321
lincoln, TN,47103,73,586691,12.4427
loudon, TN,47105,168,825500,20.3513
mcminn, TN,47107,191,924490,20.66
mcnairy, TN,47109,81,458543,17.6646
macon, TN,47111,75,392318,19.1171
madison, TN,47113,146,1729147,8.4435
marion, TN,47115,66,505289,13.0618
marshall, TN,47117,103,528210,19.4998
maury, TN,47119,199,1403030,14.1836
meigs, TN,47121,48,206395,23.2564
monroe, TN,47123,134,772425,17.348
montgomery, TN,47125,318,2917778,10.8987
moore, TN,47127,11,110398,9.9639
morgan, TN,47129,91,380911,23.8901
obion, TN,47131,62,572339,10.8327
overton, TN,47133,103,384356,26.7981
perry, TN,47135,19,139239,13.6456
pickett, TN,47137,15,91072,16.4705
polk, TN,47139,55,297444,18.4909
putnam, TN,47141,198,1245839,15.8929
rhea, TN,47143,91,553174,16.4505
roane, TN,47145,276,956808,28.8459
robertson, TN,47147,140,1125405,12.44
rutherford, TN,47149,491,4354050,11.2769
scott, TN,47151,82,393310,20.8487
sequatchie, TN,47153,37,240013,15.4158
sevier, TN,47155,291,1528198,19.042
shelby, TN,47157,2033,16561741,12.2753
smith, TN,47159,90,336420,26.7523
stewart, TN,47161,33,233041,14.1606
sullivan, TN,47163,495,2792000,17.7292
sumner, TN,47165,337,2756798,12.2243
tipton, TN,47167,129,1039928,12.4047
trousdale, TN,47169,14,137548,10.1783
unicoi, TN,47171,77,323985,23.7665
union, TN,47173,87,338426,25.7072
van buren, TN,47175,12,99411,12.0711
warren, TN,47177,95,708225,13.4138
washington, TN,47179,361,2120191,17.0268
wayne, TN,47181,35,305216,11.4673
weakley, TN,47183,69,620384,11.1221
white, TN,47185,76,450712,16.8622
williamson, TN,47187,215,3049193,7.051
wilson, TN,47189,298,1944056,15.3288
anderson, TX,48001,163,1025638,15.8925
andrews, TX,48003,19,263002,7.2243
angelina, TX,48005,128,1519542,8.4236
aransas, TX,48007,94,423120,22.2159
archer, TX,48009,27,160016,16.8733
atascosa, TX,48013,61,787144,7.7495
austin, TX,48015,28,487026,5.7492
bandera, TX,48019,34,356058,9.549
bastrop, TX,48021,123,1267456,9.7045
baylor, TX,48023,14,68664,20.3891
bee, TX,48025,32,580495,5.5125
bell, TX,48027,341,5183156,6.579
bexar, TX,48029,3304,29420227,11.2304
blanco, TX,48031,20,178037,11.2336
bosque, TX,48035,28,320891,8.7257
bowie, TX,48037,121,1640077,7.3777
brazoria, TX,48039,527,5301448,9.9407
brazos, TX,48041,194,3289064,5.8983
brewster, TX,48043,25,162639,15.3715
brooks, TX,48047,13,134203,9.6868
brown, TX,48049,92,682816,13.4736
burleson, TX,48051,25,306412,8.1589
burnet, TX,48053,77,734305,10.4861
caldwell, TX,48055,45,664872,6.7682
calhoun, TX,48057,44,380712,11.5573
callahan, TX,48059,22,239284,9.1941
cameron, TX,48061,278,6933923,4.0093
camp, TX,48063,17,218016,7.7976
carson, TX,48065,13,113074,11.4969
cass, TX,48067,44,544265,8.0843
chambers, TX,48071,78,579111,13.4689
cherokee, TX,48073,91,889478,10.2307
childress, TX,48075,16,130189,12.2898
clay, TX,48077,20,195254,10.2431
collin, TX,48085,879,12841145,6.8452
colorado, TX,48089,24,371252,6.4646
comal, TX,48091,201,1826969,11.0018
comanche, TX,48093,18,247319,7.278
cooke, TX,48097,99,684409,14.465
coryell, TX,48099,59,1338213,4.4089
dallas, TX,48113,4268,42250638,10.1016
dawson, TX,48115,22,252291,8.7201
deaf smith, TX,48117,19,340202,5.5849
denton, TX,48121,790,10992761,7.1865
dewitt, TX,48123,20,364363,5.489
dimmit, TX,48127,11,184499,5.9621
duval, TX,48131,17,218895,7.7663
eastland, TX,48133,21,330816,6.3479
ector, TX,48135,307,2428529,12.6414
ellis, TX,48139,151,2502671,6.0336
el paso, TX,48141,1162,13732188,8.4619
erath, TX,48143,47,662646,7.0928
falls, TX,48145,22,321094,6.8516
fannin, TX,48147,52,595112,8.7379
fayette, TX,48149,27,428191,6.3056
fort bend, TX,48157,424,9528536,4.4498
franklin, TX,48159,10,185082,5.403
freestone, TX,48161,18,343372,5.2421
frio, TX,48163,13,309189,4.2045
gaines, TX,48165,25,301471,8.2927
galveston, TX,48167,780,5122702,15.2263
gillespie, TX,48171,25,425960,5.8691
goliad, TX,48175,10,129516,7.7211
gonzales, TX,48177,32,353188,9.0603
gray, TX,48179,45,405476,11.0981
grayson, TX,48181,274,2128650,12.872
gregg, TX,48183,177,2128761,8.3147
grimes, TX,48185,53,465307,11.3903
guadalupe, TX,48187,154,2153730,7.1504
hale, TX,48189,39,644685,6.0495
hamilton, TX,48193,14,149391,9.3714
hardin, TX,48199,136,943923,14.408
harris, TX,48201,6971,70743826,9.8539
harrison, TX,48203,87,1159349,7.5042
hays, TX,48209,198,2592000,7.6389
henderson, TX,48213,169,1392697,12.1347
hidalgo, TX,48215,419,12910286,3.2455
hill, TX,48217,52,616128,8.4398
hockley, TX,48219,34,414522,8.2022
hood, TX,48221,104,874944,11.8865
hopkins, TX,48223,54,614730,8.7843
houston, TX,48225,36,419118,8.5895
howard, TX,48227,70,623072,11.2347
hunt, TX,48231,162,1511245,10.7196
hutchinson, TX,48233,52,403097,12.9001
jack, TX,48237,15,160946,9.3199
jackson, TX,48239,16,256371,6.241
jasper, TX,48241,77,639682,12.0372
jefferson, TX,48245,556,4521113,12.2979
jim wells, TX,48249,66,730446,9.0356
johnson, TX,48251,219,2609421,8.3927
jones, TX,48253,22,363553,6.0514
karnes, TX,48255,13,271403,4.7899
kaufman, TX,48257,164,1702575,9.6325
kendall, TX,48259,41,564099,7.2682
kerr, TX,48265,99,860858,11.5002
kleberg, TX,48273,30,569787,5.2651
lamar, TX,48277,74,887294,8.34
lamb, TX,48279,25,255120,9.7993
lampasas, TX,48281,27,348751,7.7419
lavaca, TX,48285,14,347750,4.0259
lee, TX,48287,20,295102,6.7773
leon, TX,48289,33,294194,11.2171
liberty, TX,48291,217,1349638,16.0784
limestone, TX,48293,36,413818,8.6995
live oak, TX,48297,10,212475,4.7064
llano, TX,48299,58,336048,17.2594
lubbock, TX,48303,434,4850077,8.9483
mcculloch, TX,48307,10,147548,6.7775
mclennan, TX,48309,284,4122239,6.8895
madison, TX,48313,17,241666,7.0345
marion, TX,48315,24,192470,12.4695
matagorda, TX,48321,54,667140,8.0943
maverick, TX,48323,34,940450,3.6153
medina, TX,48325,36,797030,4.5168
midland, TX,48329,211,2408256,8.7615
milam, TX,48331,47,444236,10.58
montague, TX,48337,49,350738,13.9705
montgomery, TX,48339,906,7491529,12.0937
moore, TX,48341,18,379963,4.7373
morris, TX,48343,27,233271,11.5745
nacogdoches, TX,48347,112,1127472,9.9337
navarro, TX,48349,69,847004,8.1464
newton, TX,48351,46,261093,17.6182
nolan, TX,48353,33,272653,12.1033
nueces, TX,48355,933,6015109,15.5109
orange, TX,48361,346,1499458,23.075
palo pinto, TX,48363,57,497639,11.4541
panola, TX,48365,34,421093,8.0742
parker, TX,48367,214,1957174,10.9341
parmer, TX,48369,10,180716,5.5335
pecos, TX,48371,19,284902,6.669
polk, TX,48373,137,810337,16.9065
potter, TX,48375,268,2140509,12.5204
rains, TX,48379,23,190337,12.0838
randall, TX,48381,183,2096519,8.7288
reagan, TX,48383,10,60736,16.4647
red river, TX,48387,22,237347,9.2691
reeves, TX,48389,36,242689,14.8338
refugio, TX,48391,13,134838,9.6412
robertson, TX,48395,27,295553,9.1354
rockwall, TX,48397,78,1239034,6.2952
runnels, TX,48399,10,192698,5.1895
rusk, TX,48401,75,919256,8.1588
sabine, TX,48403,20,189115,10.5756
san augustine, TX,48405,19,159724,11.8955
san jacinto, TX,48407,67,456328,14.6824
san patricio, TX,48409,138,1197602,11.523
scurry, TX,48415,30,299572,10.0143
shelby, TX,48419,44,457606,9.6153
smith, TX,48423,331,3596838,9.2025
somervell, TX,48425,10,143219,6.9823
starr, TX,48427,20,1065233,1.8775
tarrant, TX,48439,2678,30922888,8.6603
taylor, TX,48441,237,2339293,10.1313
terry, TX,48445,12,227036,5.2855
titus, TX,48449,29,550115,5.2716
tom green, TX,48451,226,1962628,11.5152
travis, TX,48453,2021,17610849,11.4759
trinity, TX,48455,38,256724,14.8019
tyler, TX,48457,46,381984,12.0424
upshur, TX,48459,67,690654,9.701
uvalde, TX,48463,22,476118,4.6207
val verde, TX,48465,43,853672,5.0371
van zandt, TX,48467,125,927714,13.474
victoria, TX,48469,145,1562732,9.2786
walker, TX,48471,72,1190457,6.0481
waller, TX,48473,58,726751,7.9807
ward, TX,48475,17,193898,8.7675
washington, TX,48477,31,586679,5.284
webb, TX,48479,363,4227976,8.5857
wharton, TX,48481,42,740463,5.6721
wichita, TX,48485,372,2363211,15.7413
wilbarger, TX,48487,29,246544,11.7626
willacy, TX,48489,14,383180,3.6536
williamson, TX,48491,465,6856343,6.782
wilson, TX,48493,38,723682,5.2509
winkler, TX,48495,22,129141,17.0356
wise, TX,48497,97,1023375,9.4784
wood, TX,48499,89,731285,12.1704
yoakum, TX,48501,11,139417,7.89
young, TX,48503,67,326272,20.535
zapata, TX,48505,19,241342,7.8726
zavala, TX,48507,16,211728,7.5569
beaver, UT,49001,20,113321,17.649
box elder, UT,49003,129,855761,15.0743
cache, UT,49005,181,1910108,9.4759
carbon, UT,49007,150,369947,40.5463
davis, UT,49011,741,5185259,14.2905
duchesne, UT,49013,67,311011,21.5426
emery, UT,49015,52,191880,27.1003
grand, UT,49019,29,160978,18.0149
iron, UT,49021,137,758033,18.0731
juab, UT,49023,30,171910,17.451
kane, UT,49025,28,120707,23.1967
millard, UT,49027,31,222171,13.9532
morgan, UT,49029,17,160034,10.6227
salt lake, UT,49035,3794,17934788,21.1544
san juan, UT,49037,16,261004,6.1302
sanpete, UT,49039,76,468847,16.21
sevier, UT,49041,56,361423,15.4943
summit, UT,49043,78,630248,12.3761
tooele, UT,49045,191,956937,19.9595
uintah, UT,49047,81,553344,14.6383
utah, UT,49049,1247,8544325,14.5945
wasatch, UT,49051,52,392730,13.2406
washington, UT,49053,349,2277482,15.3239
weber, UT,49057,818,3971123,20.5987
addison, VT,50001,61,659157,9.2542
bennington, VT,50003,77,664032,11.5958
caledonia, VT,50005,52,552344,9.4144
chittenden, VT,50007,300,2776485,10.805
essex, VT,50009,17,114301,14.873
franklin, VT,50011,96,851896,11.269
grand isle, VT,50013,12,126729,9.469
lamoille, VT,50015,39,433717,8.992
orange, VT,50017,56,519511,10.7794
orleans, VT,50019,54,485285,11.1275
rutland, VT,50021,163,1115264,14.6154
washington, VT,50023,130,1061996,12.2411
windham, VT,50025,113,793844,14.2345
windsor, VT,50027,136,1022959,13.2948
accomack, VA,51001,64,628916,10.1762
albemarle, VA,51003,79,1703663,4.6371
alleghany, VA,51005,26,287446,9.0452
amelia, VA,51007,14,220281,6.3555
amherst, VA,51009,38,576804,6.588
appomattox, VA,51011,10,261372,3.826
arlington, VA,51013,199,3656669,5.4421
augusta, VA,51015,128,1280207,9.9984
bedford, VA,51019,112,1212553,9.2367
bland, VA,51021,26,122548,21.2162
botetourt, VA,51023,50,580588,8.612
buchanan, VA,51027,146,445629,32.7627
buckingham, VA,51029,13,298385,4.3568
campbell, VA,51031,67,962840,6.9586
caroline, VA,51033,41,477451,8.5873
carroll, VA,51035,57,534356,10.667
charles city, VA,51036,11,127689,8.6147
charlotte, VA,51037,13,224666,5.7864
chesterfield, VA,51041,465,5423445,8.5739
clarke, VA,51043,24,247370,9.7021
craig, VA,51045,13,92627,14.0348
culpeper, VA,51047,92,780609,11.7857
cumberland, VA,51049,13,172081,7.5546
dickenson, VA,51051,113,285497,39.5801
dinwiddie, VA,51053,26,480959,5.4059
essex, VA,51057,10,192339,5.1992
fairfax, VA,51059,929,18955449,4.901
fauquier, VA,51061,152,1136906,13.3696
floyd, VA,51063,24,267375,8.9762
fluvanna, VA,51065,20,436231,4.5847
franklin, VA,51067,120,957018,12.5389
frederick, VA,51069,163,1314902,12.3964
giles, VA,51071,52,304754,17.0629
gloucester, VA,51073,68,651569,10.4363
goochland, VA,51075,36,361743,9.9518
grayson, VA,51077,21,288916,7.2685
greene, VA,51079,19,317123,5.9914
halifax, VA,51083,41,652313,6.2853
hanover, VA,51085,129,1743999,7.3968
henrico, VA,51087,505,5317132,9.4976
henry, VA,51089,186,987678,18.832
isle of wight, VA,51093,39,604468,6.452
james city, VA,51095,67,1114408,6.0122
king george, VA,51099,36,390545,9.2179
king william, VA,51101,23,269525,8.5335
lancaster, VA,51103,14,204484,6.8465
lee, VA,51105,100,446989,22.3719
loudoun, VA,51107,257,5026800,5.1126
louisa, VA,51109,44,556600,7.9051
madison, VA,51113,18,234968,7.6606
mathews, VA,51115,14,162019,8.641
mecklenburg, VA,51117,43,580165,7.4117
middlesex, VA,51119,14,189630,7.3828
montgomery, VA,51121,157,1642219,9.5602
nelson, VA,51125,19,266299,7.1348
new kent, VA,51127,18,308031,5.8436
northampton, VA,51131,16,226055,7.0779
northumberland, VA,51133,13,222473,5.8434
nottoway, VA,51135,16,283572,5.6423
orange, VA,51137,77,564013,13.6522
page, VA,51139,59,427028,13.8164
patrick, VA,51141,47,336411,13.971
pittsylvania, VA,51143,101,1123918,8.9864
powhatan, VA,51145,29,476354,6.0879
prince edward, VA,51147,21,393815,5.3325
prince george, VA,51149,44,636931,6.9081
prince william, VA,51153,448,6709363,6.6772
pulaski, VA,51155,175,626082,27.9516
rappahannock, VA,51157,18,131639,13.6738
richmond, VA,51159,13,163550,7.9486
roanoke, VA,51161,166,1627582,10.1992
rockbridge, VA,51163,31,392905,7.8899
rockingham, VA,51165,67,1329341,5.0401
russell, VA,51167,162,516969,31.3365
scott, VA,51169,60,413189,14.5212
shenandoah, VA,51171,76,721283,10.5368
smyth, VA,51173,77,581140,13.2498
southampton, VA,51175,21,324192,6.4776
spotsylvania, VA,51177,187,2077470,9.0013
stafford, VA,51179,161,2176500,7.3972
surry, VA,51181,10,123724,8.0825
sussex, VA,51183,11,217355,5.0608
tazewell, VA,51185,235,794833,29.566
warren, VA,51187,91,648426,14.034
washington, VA,51191,125,962314,12.9895
westmoreland, VA,51193,37,308188,12.0057
wise, VA,51195,227,737950,30.7609
wythe, VA,51197,103,514605,20.0154
york, VA,51199,61,1141249,5.345
alexandria city, VA,51510,185,2468536,7.4943
bristol city, VA,51520,61,314363,19.4043
buena vista city, VA,51530,10,118298,8.4532
charlottesville city, VA,51540,55,775968,7.0879
chesapeake city, VA,51550,387,3921820,9.8679
colonial heights city, VA,51570,33,312698,10.5533
covington city, VA,51580,11,108204,10.166
danville city, VA,51590,102,803478,12.6948
fairfax city, VA,51600,44,402609,10.9287
falls church city, VA,51610,14,211876,6.6076
franklin city, VA,51620,12,151478,7.9219
fredericksburg city, VA,51630,54,425815,12.6816
galax city, VA,51640,11,123807,8.8848
hampton city, VA,51650,228,2513144,9.0723
harrisonburg city, VA,51660,43,843015,5.1007
hopewell city, VA,51670,47,402068,11.6896
lynchburg city, VA,51680,86,1302444,6.603
manassas city, VA,51683,63,677091,9.3045
manassas park city, VA,51685,10,237900,4.2034
martinsville city, VA,51690,47,256730,18.3072
newport news city, VA,51700,330,3276214,10.0726
norfolk city, VA,51710,510,4350733,11.7222
norton city, VA,51720,14,70667,19.8112
petersburg city, VA,51730,70,586079,11.9438
poquoson city, VA,51735,27,214557,12.5841
portsmouth city, VA,51740,246,1751084,14.0484
radford city, VA,51750,34,295749,11.4962
richmond city, VA,51760,668,3683905,18.1329
roanoke city, VA,51770,286,1731155,16.5208
salem city, VA,51775,63,446144,14.121
staunton city, VA,51790,59,430461,13.7062
suffolk city, VA,51800,91,1420674,6.4054
virginia beach city, VA,51810,748,7884843,9.4866
waynesboro city, VA,51820,51,372452,13.693
williamsburg city, VA,51830,20,240804,8.3055
winchester city, VA,51840,74,464050,15.9466
adams, WA,53001,14,319660,4.3797
asotin, WA,53003,67,383509,17.4703
benton, WA,53005,341,2998495,11.3724
chelan, WA,53007,180,1271894,14.1521
clallam, WA,53009,271,1251604,21.6522
clark, WA,53011,980,7327143,13.3749
columbia, WA,53013,10,71852,13.9175
cowlitz, WA,53015,399,1783519,22.3715
douglas, WA,53017,86,658295,13.0641
ferry, WA,53019,26,134800,19.2878
franklin, WA,53021,89,1253892,7.0979
grant, WA,53025,193,1517737,12.7163
grays harbor, WA,53027,278,1269141,21.9046
island, WA,53029,138,1393092,9.906
jefferson, WA,53031,79,519194,15.2159
king, WA,53033,4526,34070779,13.2841
kitsap, WA,53035,567,4434249,12.7868
kittitas, WA,53037,46,700394,6.5677
klickitat, WA,53039,37,359730,10.2855
lewis, WA,53041,221,1316674,16.7847
lincoln, WA,53043,24,186336,12.88
mason, WA,53045,197,1023687,19.2442
okanogan, WA,53047,113,722805,15.6335
pacific, WA,53049,78,376887,20.6959
pend oreille, WA,53051,40,226307,17.6751
pierce, WA,53053,2048,13949796,14.6812
san juan, WA,53055,30,275718,10.8807
skagit, WA,53057,323,2038872,15.8421
skamania, WA,53059,32,192045,16.6628
snohomish, WA,53061,1980,12381880,15.9911
spokane, WA,53063,1541,8198426,18.7963
stevens, WA,53065,117,761597,15.3625
thurston, WA,53067,510,4315381,11.8182
walla walla, WA,53071,135,1036841,13.0203
whatcom, WA,53073,431,3454702,12.4758
whitman, WA,53075,36,791186,4.5501
yakima, WA,53077,418,4240096,9.8583
barbour, WV,54001,29,290519,9.9821
berkeley, WV,54003,455,1736025,26.2093
boone, WV,54005,203,445816,45.5345
braxton, WV,54007,35,262198,13.3487
brooke, WV,54009,104,438595,23.7121
cabell, WV,54011,593,1729431,34.2887
calhoun, WV,54013,13,135549,9.5906
clay, WV,54015,31,173473,17.8702
doddridge, WV,54017,15,143021,10.488
fayette, WV,54019,215,831704,25.8505
grant, WV,54023,15,210236,7.1348
greenbrier, WV,54025,129,633250,20.3711
hampshire, WV,54027,90,406419,22.1446
hancock, WV,54029,151,560318,26.949
hardy, WV,54031,20,243369,8.218
harrison, WV,54033,243,1232640,19.7138
jackson, WV,54035,68,518541,13.1137
jefferson, WV,54037,186,906126,20.5269
kanawha, WV,54039,921,3485404,26.4245
lewis, WV,54041,29,297767,9.7392
lincoln, WV,54043,118,393192,30.0108
logan, WV,54045,258,655313,39.3705
mcdowell, WV,54047,253,416355,60.7655
marion, WV,54049,110,1015693,10.83
marshall, WV,54051,84,605867,13.8644
mason, WV,54053,116,481473,24.0927
mercer, WV,54055,454,1114532,40.7346
mineral, WV,54057,67,495665,13.5172
mingo, WV,54059,217,483271,44.9023
monongalia, WV,54061,170,1668691,10.1876
monroe, WV,54063,54,243948,22.1359
morgan, WV,54065,63,300883,20.9384
nicholas, WV,54067,114,470106,24.2499
ohio, WV,54069,110,808177,13.6109
pendleton, WV,54071,13,139862,9.2949
pleasants, WV,54073,14,137345,10.1933
pocahontas, WV,54075,41,159351,25.7294
preston, WV,54077,64,579199,11.0497
putnam, WV,54079,149,979807,15.2071
raleigh, WV,54081,499,1412910,35.3172
randolph, WV,54083,69,521397,13.2337
ritchie, WV,54085,14,185815,7.5344
roane, WV,54087,42,270768,15.5114
summers, WV,54089,80,246611,32.4398
taylor, WV,54091,31,298361,10.3901
tyler, WV,54095,19,167661,11.3324
upshur, WV,54097,37,432340,8.5581
wayne, WV,54099,196,761351,25.7437
webster, WV,54101,46,166929,27.5566
wetzel, WV,54103,29,301465,9.6197
wirt, WV,54105,12,104622,11.4699
wood, WV,54107,239,1564635,15.2751
wyoming, WV,54109,253,431713,58.6037
adams, WI,55001,45,368220,12.221
ashland, WI,55003,33,293725,11.235
barron, WI,55005,51,820940,6.2124
bayfield, WI,55007,12,271393,4.4216
brown, WI,55009,373,4378075,8.5197
buffalo, WI,55011,16,245188,6.5256
burnett, WI,55013,26,281898,9.2232
calumet, WI,55015,36,839555,4.288
chippewa, WI,55017,82,1084616,7.5603
clark, WI,55019,19,617197,3.0784
columbia, WI,55021,141,997764,14.1316
crawford, WI,55023,23,301999,7.6159
dane, WI,55025,1006,8554158,11.7604
dodge, WI,55027,166,1583489,10.4832
door, WI,55029,37,503013,7.3557
douglas, WI,55031,64,786961,8.1326
dunn, WI,55033,49,768278,6.3779
eau claire, WI,55035,130,1753687,7.413
fond du lac, WI,55039,154,1803091,8.5409
forest, WI,55041,19,171906,11.0526
grant, WI,55043,49,912235,5.3714
green, WI,55045,55,643932,8.5413
green lake, WI,55047,25,343405,7.28
iowa, WI,55049,36,421839,8.5341
jackson, WI,55053,30,360703,8.3171
jefferson, WI,55055,114,1460152,7.8074
juneau, WI,55057,51,467776,10.9027
kenosha, WI,55059,534,2906835,18.3705
kewaunee, WI,55061,17,368793,4.6096
la crosse, WI,55063,187,2025169,9.2338
lafayette, WI,55065,12,299652,4.0046
langlade, WI,55067,34,362797,9.3716
lincoln, WI,55069,40,522564,7.6546
manitowoc, WI,55071,154,1466783,10.4992
marathon, WI,55073,126,2363684,5.3307
marinette, WI,55075,57,759006,7.5098
marquette, WI,55077,39,274516,14.2068
menominee, WI,55078,15,79279,18.9205
milwaukee, WI,55079,3333,16985039,19.6232
monroe, WI,55081,74,783097,9.4497
oconto, WI,55083,33,668415,4.9371
oneida, WI,55085,56,654127,8.561
outagamie, WI,55087,186,3112739,5.9754
ozaukee, WI,55089,89,1539075,5.7827
pierce, WI,55093,36,712533,5.0524
polk, WI,55095,44,780604,5.6367
portage, WI,55097,82,1242157,6.6014
price, WI,55099,12,262995,4.5628
racine, WI,55101,436,3476163,12.5426
richland, WI,55103,23,323470,7.1104
rock, WI,55105,383,2842708,13.4731
rusk, WI,55107,16,266818,5.9966
st. croix, WI,55109,69,1412372,4.8854
sauk, WI,55111,138,1079577,12.7828
sawyer, WI,55113,37,296552,12.4767
shawano, WI,55115,44,744682,5.9086
sheboygan, WI,55117,188,2060767,9.1228
taylor, WI,55119,13,365464,3.5571
trempealeau, WI,55121,28,510488,5.4849
vernon, WI,55123,29,528047,5.4919
vilas, WI,55125,57,388397,14.6757
walworth, WI,55127,191,1796774,10.6302
washburn, WI,55129,23,286808,8.0193
washington, WI,55131,206,2295713,8.9732
waukesha, WI,55133,620,6880598,9.0108
waupaca, WI,55135,59,940621,6.2725
waushara, WI,55137,22,436084,5.0449
winnebago, WI,55139,307,2950956,10.4034
wood, WI,55141,96,1343310,7.1465
albany, WY,56001,60,629712,9.5282
big horn, WY,56003,30,207508,14.4573
campbell, WY,56005,81,753603,10.7484
carbon, WY,56007,49,279776,17.514
converse, WY,56009,19,237044,8.0154
fremont, WY,56013,114,690819,16.5022
goshen, WY,56015,19,232420,8.1749
johnson, WY,56019,15,144371,10.3899
laramie, WY,56021,214,1603975,13.3419
lincoln, WY,56023,39,303093,12.8673
natrona, WY,56025,196,1322892,14.816
park, WY,56029,58,493241,11.759
platte, WY,56031,23,157181,14.6328
sheridan, WY,56033,56,508070,11.0221
sweetwater, WY,56037,111,744293,14.9135
teton, WY,56039,17,370315,4.5907
uinta, WY,56041,63,365327,17.2448
washakie, WY,56043,14,148360,9.4365
